Item Name,Category,AI Prompt
Oak Tree,Decoration,A beautiful Oak Tree, isometric, pixel art, city-building game style, no background, vibrant colors
Pine Tree,Decoration,A beautiful Pine Tree, isometric, pixel art, city-building game style, no background, vibrant colors
Maple Tree,Decoration,A beautiful Maple Tree, isometric, pixel art, city-building game style, no background, vibrant colors
Cherry Blossom Tree,Decoration,A beautiful Cherry Blossom Tree, isometric, pixel art, city-building game style, no background, vibrant colors
Palm Tree,Decoration,A beautiful Palm Tree, isometric, pixel art, city-building game style, no background, vibrant colors
Birch Tree,Decoration,A beautiful Birch Tree, isometric, pixel art, city-building game style, no background, vibrant colors
Willow Tree,Decoration,A beautiful Willow Tree, isometric, pixel art, city-building game style, no background, vibrant colors
Spruce Tree,Decoration,A beautiful Spruce Tree, isometric, pixel art, city-building game style, no background, vibrant colors
Flower Bed,Decoration,A beautiful Flower Bed, isometric, pixel art, city-building game style, no background, vibrant colors
Rose Bush,Decoration,A beautiful Rose Bush, isometric, pixel art, city-building game style, no background, vibrant colors
Sunflower Patch,Decoration,A beautiful Sunflower Patch, isometric, pixel art, city-building game style, no background, vibrant colors
Tulip Garden,Decoration,A beautiful Tulip Garden, isometric, pixel art, city-building game style, no background, vibrant colors
Daffodil Cluster,Decoration,A beautiful Daffodil Cluster, isometric, pixel art, city-building game style, no background, vibrant colors
Lavender Patch,Decoration,A beautiful Lavender Patch, isometric, pixel art, city-building game style, no background, vibrant colors
Hydrangea Bush,Decoration,A beautiful Hydrangea Bush, isometric, pixel art, city-building game style, no background, vibrant colors
Azalea Bush,Decoration,A beautiful Azalea Bush, isometric, pixel art, city-building game style, no background, vibrant colors
Garden Bench,Decoration,A beautiful Garden Bench, isometric, pixel art, city-building game style, no background, vibrant colors
Picnic Table,Decoration,A beautiful Picnic Table, isometric, pixel art, city-building game style, no background, vibrant colors
Wooden Fence,Decoration,A beautiful Wooden Fence, isometric, pixel art, city-building game style, no background, vibrant colors
White Picket Fence,Decoration,A beautiful White Picket Fence, isometric, pixel art, city-building game style, no background, vibrant colors
Stone Path,Decoration,A beautiful Stone Path, isometric, pixel art, city-building game style, no background, vibrant colors
Brick Path,Decoration,A beautiful Brick Path, isometric, pixel art, city-building game style, no background, vibrant colors
Gravel Path,Decoration,A beautiful Gravel Path, isometric, pixel art, city-building game style, no background, vibrant colors
Cobblestone Path,Decoration,A beautiful Cobblestone Path, isometric, pixel art, city-building game style, no background, vibrant colors
Fountain,Decoration,A beautiful Fountain, isometric, pixel art, city-building game style, no background, vibrant colors
Bird Bath,Decoration,A beautiful Bird Bath, isometric, pixel art, city-building game style, no background, vibrant colors
Gazebo,Decoration,A beautiful Gazebo, isometric, pixel art, city-building game style, no background, vibrant colors
Pergola,Decoration,A beautiful Pergola, isometric, pixel art, city-building game style, no background, vibrant colors
Arbor,Decoration,A beautiful Arbor, isometric, pixel art, city-building game style, no background, vibrant colors
Trellis,Decoration,A beautiful Trellis, isometric, pixel art, city-building game style, no background, vibrant colors
Ivy Archway,Decoration,A beautiful Ivy Archway, isometric, pixel art, city-building game style, no background, vibrant colors
Topiary,Decoration,A beautiful Topiary, isometric, pixel art, city-building game style, no background, vibrant colors
Small Hedge,Decoration,A beautiful Small Hedge, isometric, pixel art, city-building game style, no background, vibrant colors
Large Hedge,Decoration,A beautiful Large Hedge, isometric, pixel art, city-building game style, no background, vibrant colors
Decorative Rock,Decoration,A beautiful Decorative Rock, isometric, pixel art, city-building game style, no background, vibrant colors
Boulder,Decoration,A beautiful Boulder, isometric, pixel art, city-building game style, no background, vibrant colors
Rock Garden,Decoration,A beautiful Rock Garden, isometric, pixel art, city-building game style, no background, vibrant colors
Water Feature,Decoration,A beautiful Water Feature, isometric, pixel art, city-building game style, no background, vibrant colors
Koi Pond,Decoration,A beautiful Koi Pond, isometric, pixel art, city-building game style, no background, vibrant colors
Lily Pond,Decoration,A beautiful Lily Pond, isometric, pixel art, city-building game style, no background, vibrant colors
Small Bridge,Decoration,A beautiful Small Bridge, isometric, pixel art, city-building game style, no background, vibrant colors
Wooden Bridge,Decoration,A beautiful Wooden Bridge, isometric, pixel art, city-building game style, no background, vibrant colors
Stone Bridge,Decoration,A beautiful Stone Bridge, isometric, pixel art, city-building game style, no background, vibrant colors
Lamp Post,Decoration,A beautiful Lamp Post, isometric, pixel art, city-building game style, no background, vibrant colors
Lantern Post,Decoration,A beautiful Lantern Post, isometric, pixel art, city-building game style, no background, vibrant colors
Fairy Lights,Decoration,A beautiful Fairy Lights, isometric, pixel art, city-building game style, no background, vibrant colors
String Lights,Decoration,A beautiful String Lights, isometric, pixel art, city-building game style, no background, vibrant colors
Hanging Lanterns,Decoration,A beautiful Hanging Lanterns, isometric, pixel art, city-building game style, no background, vibrant colors
Street Clock,Decoration,A beautiful Street Clock, isometric, pixel art, city-building game style, no background, vibrant colors
Bicycle Rack,Decoration,A beautiful Bicycle Rack, isometric, pixel art, city-building game style, no background, vibrant colors
Trash Can,Decoration,A beautiful Trash Can, isometric, pixel art, city-building game style, no background, vibrant colors
Mailbox,Decoration,A beautiful Mailbox, isometric, pixel art, city-building game style, no background, vibrant colors
Fire Hydrant,Decoration,A beautiful Fire Hydrant, isometric, pixel art, city-building game style, no background, vibrant colors
Community Bulletin Board,Decoration,A beautiful Community Bulletin Board, isometric, pixel art, city-building game style, no background, vibrant colors
Welcome Sign,Decoration,A beautiful Welcome Sign, isometric, pixel art, city-building game style, no background, vibrant colors
City Banner,Decoration,A beautiful City Banner, isometric, pixel art, city-building game style, no background, vibrant colors
Community Mural,Decoration,A beautiful Community Mural, isometric, pixel art, city-building game style, no background, vibrant colors
Butterfly Sculpture,Decoration,A beautiful Butterfly Sculpture, isometric, pixel art, city-building game style, no background, vibrant colors
Birdhouse,Decoration,A beautiful Birdhouse, isometric, pixel art, city-building game style, no background, vibrant colors
Squirrel Feeder,Decoration,A beautiful Squirrel Feeder, isometric, pixel art, city-building game style, no background, vibrant colors
Log Bench,Decoration,A beautiful Log Bench, isometric, pixel art, city-building game style, no background, vibrant colors
Tree Stump,Decoration,A beautiful Tree Stump, isometric, pixel art, city-building game style, no background, vibrant colors
Mushroom Ring,Decoration,A beautiful Mushroom Ring, isometric, pixel art, city-building game style, no background, vibrant colors
Flower Pot,Decoration,A beautiful Flower Pot, isometric, pixel art, city-building game style, no background, vibrant colors
Hanging Basket,Decoration,A beautiful Hanging Basket, isometric, pixel art, city-building game style, no background, vibrant colors
Ivy Trellis,Decoration,A beautiful Ivy Trellis, isometric, pixel art, city-building game style, no background, vibrant colors
Arbor Gate,Decoration,A beautiful Arbor Gate, isometric, pixel art, city-building game style, no background, vibrant colors
Stone Lantern,Decoration,A beautiful Stone Lantern, isometric, pixel art, city-building game style, no background, vibrant colors
Waterfall,Decoration,A beautiful Waterfall, isometric, pixel art, city-building game style, no background, vibrant colors
Rain Barrel,Decoration,A beautiful Rain Barrel, isometric, pixel art, city-building game style, no background, vibrant colors
Compost Bin,Decoration,A beautiful Compost Bin, isometric, pixel art, city-building game style, no background, vibrant colors
Vegetable Patch,Decoration,A beautiful Vegetable Patch, isometric, pixel art, city-building game style, no background, vibrant colors
Herb Spiral,Decoration,A beautiful Herb Spiral, isometric, pixel art, city-building game style, no background, vibrant colors
Raised Planter,Decoration,A beautiful Raised Planter, isometric, pixel art, city-building game style, no background, vibrant colors
Cactus Garden,Decoration,A beautiful Cactus Garden, isometric, pixel art, city-building game style, no background, vibrant colors
Succulent Planter,Decoration,A beautiful Succulent Planter, isometric, pixel art, city-building game style, no background, vibrant colors
Bamboo Grove,Decoration,A beautiful Bamboo Grove, isometric, pixel art, city-building game style, no background, vibrant colors
Bonsai Tree,Decoration,A beautiful Bonsai Tree, isometric, pixel art, city-building game style, no background, vibrant colors
Zen Garden,Decoration,A beautiful Zen Garden, isometric, pixel art, city-building game style, no background, vibrant colors
Sand Garden,Decoration,A beautiful Sand Garden, isometric, pixel art, city-building game style, no background, vibrant colors
Meditation Stone,Decoration,A beautiful Meditation Stone, isometric, pixel art, city-building game style, no background, vibrant colors
Wind Chime,Decoration,A beautiful Wind Chime, isometric, pixel art, city-building game style, no background, vibrant colors
Weather Vane,Decoration,A beautiful Weather Vane, isometric, pixel art, city-building game style, no background, vibrant colors
Sundial,Decoration,A beautiful Sundial, isometric, pixel art, city-building game style, no background, vibrant colors
Bird Feeder,Decoration,A beautiful Bird Feeder, isometric, pixel art, city-building game style, no background, vibrant colors
Rabbit Statue,Decoration,A beautiful Rabbit Statue, isometric, pixel art, city-building game style, no background, vibrant colors
Fox Statue,Decoration,A beautiful Fox Statue, isometric, pixel art, city-building game style, no background, vibrant colors
Turtle Statue,Decoration,A beautiful Turtle Statue, isometric, pixel art, city-building game style, no background, vibrant colors
Frog Statue,Decoration,A beautiful Frog Statue, isometric, pixel art, city-building game style, no background, vibrant colors
Squirrel Statue,Decoration,A beautiful Squirrel Statue, isometric, pixel art, city-building game style, no background, vibrant colors
Deer Statue,Decoration,A beautiful Deer Statue, isometric, pixel art, city-building game style, no background, vibrant colors
Lion Statue,Decoration,A beautiful Lion Statue, isometric, pixel art, city-building game style, no background, vibrant colors
Eagle Statue,Decoration,A beautiful Eagle Statue, isometric, pixel art, city-building game style, no background, vibrant colors
Owl Statue,Decoration,A beautiful Owl Statue, isometric, pixel art, city-building game style, no background, vibrant colors
Dog Statue,Decoration,A beautiful Dog Statue, isometric, pixel art, city-building game style, no background, vibrant colors
Cat Statue,Decoration,A beautiful Cat Statue, isometric, pixel art, city-building game style, no background, vibrant colors
Dolphin Statue,Decoration,A beautiful Dolphin Statue, isometric, pixel art, city-building game style, no background, vibrant colors
Whale Sculpture,Decoration,A beautiful Whale Sculpture, isometric, pixel art, city-building game style, no background, vibrant colors
Fish Pond,Decoration,A beautiful Fish Pond, isometric, pixel art, city-building game style, no background, vibrant colors
Water Lily,Decoration,A beautiful Water Lily, isometric, pixel art, city-building game style, no background, vibrant colors
Reed Cluster,Decoration,A beautiful Reed Cluster, isometric, pixel art, city-building game style, no background, vibrant colors
Marsh Grass,Decoration,A beautiful Marsh Grass, isometric, pixel art, city-building game style, no background, vibrant colors
Wildflower Patch,Decoration,A beautiful Wildflower Patch, isometric, pixel art, city-building game style, no background, vibrant colors
Fern Cluster,Decoration,A beautiful Fern Cluster, isometric, pixel art, city-building game style, no background, vibrant colors
Mossy Rock,Decoration,A beautiful Mossy Rock, isometric, pixel art, city-building game style, no background, vibrant colors
Pebble Border,Decoration,A beautiful Pebble Border, isometric, pixel art, city-building game style, no background, vibrant colors
Log Pile,Decoration,A beautiful Log Pile, isometric, pixel art, city-building game style, no background, vibrant colors
Fire Pit,Decoration,A beautiful Fire Pit, isometric, pixel art, city-building game style, no background, vibrant colors
BBQ Grill,Decoration,A beautiful BBQ Grill, isometric, pixel art, city-building game style, no background, vibrant colors
Picnic Blanket,Decoration,A beautiful Picnic Blanket, isometric, pixel art, city-building game style, no background, vibrant colors
Hammock,Decoration,A beautiful Hammock, isometric, pixel art, city-building game style, no background, vibrant colors
Swing Set,Decoration,A beautiful Swing Set, isometric, pixel art, city-building game style, no background, vibrant colors
Slide,Decoration,A beautiful Slide, isometric, pixel art, city-building game style, no background, vibrant colors
Seesaw,Decoration,A beautiful Seesaw, isometric, pixel art, city-building game style, no background, vibrant colors
Jungle Gym,Decoration,A beautiful Jungle Gym, isometric, pixel art, city-building game style, no background, vibrant colors
Climbing Wall,Decoration,A beautiful Climbing Wall, isometric, pixel art, city-building game style, no background, vibrant colors
Sandbox,Decoration,A beautiful Sandbox, isometric, pixel art, city-building game style, no background, vibrant colors
Sandbox Toys,Decoration,A beautiful Sandbox Toys, isometric, pixel art, city-building game style, no background, vibrant colors
Sandbox Umbrella,Decoration,A beautiful Sandbox Umbrella, isometric, pixel art, city-building game style, no background, vibrant colors
Sandbox Fence,Decoration,A beautiful Sandbox Fence, isometric, pixel art, city-building game style, no background, vibrant colors
Sandbox Castle,Decoration,A beautiful Sandbox Castle, isometric, pixel art, city-building game style, no background, vibrant colors
Playground Tunnel,Decoration,A beautiful Playground Tunnel, isometric, pixel art, city-building game style, no background, vibrant colors
Playground Bridge,Decoration,A beautiful Playground Bridge, isometric, pixel art, city-building game style, no background, vibrant colors
Playground Ladder,Decoration,A beautiful Playground Ladder, isometric, pixel art, city-building game style, no background, vibrant colors
Playground Rope Net,Decoration,A beautiful Playground Rope Net, isometric, pixel art, city-building game style, no background, vibrant colors
Playground Spinner,Decoration,A beautiful Playground Spinner, isometric, pixel art, city-building game style, no background, vibrant colors
Playground Merry-Go-Round,Decoration,A beautiful Playground Merry-Go-Round, isometric, pixel art, city-building game style, no background, vibrant colors
Playground Spring Rider,Decoration,A beautiful Playground Spring Rider, isometric, pixel art, city-building game style, no background, vibrant colors
Playground Balance Beam,Decoration,A beautiful Playground Balance Beam, isometric, pixel art, city-building game style, no background, vibrant colors
Playground Monkey Bars,Decoration,A beautiful Playground Monkey Bars, isometric, pixel art, city-building game style, no background, vibrant colors
Playground Fireman Pole,Decoration,A beautiful Playground Fireman Pole, isometric, pixel art, city-building game style, no background, vibrant colors
Playground Stepping Stones,Decoration,A beautiful Playground Stepping Stones, isometric, pixel art, city-building game style, no background, vibrant colors
Playground Hopscotch,Decoration,A beautiful Playground Hopscotch, isometric, pixel art, city-building game style, no background, vibrant colors
Playground Chalk Art,Decoration,A beautiful Playground Chalk Art, isometric, pixel art, city-building game style, no background, vibrant colors
Playground Basketball Hoop,Decoration,A beautiful Playground Basketball Hoop, isometric, pixel art, city-building game style, no background, vibrant colors
Playground Soccer Goal,Decoration,A beautiful Playground Soccer Goal, isometric, pixel art, city-building game style, no background, vibrant colors
Playground Tetherball,Decoration,A beautiful Playground Tetherball, isometric, pixel art, city-building game style, no background, vibrant colors
Playground Kickball Base,Decoration,A beautiful Playground Kickball Base, isometric, pixel art, city-building game style, no background, vibrant colors
Playground Baseball Diamond,Decoration,A beautiful Playground Baseball Diamond, isometric, pixel art, city-building game style, no background, vibrant colors
Playground Batting Cage,Decoration,A beautiful Playground Batting Cage, isometric, pixel art, city-building game style, no background, vibrant colors
Playground Scoreboard,Decoration,A beautiful Playground Scoreboard, isometric, pixel art, city-building game style, no background, vibrant colors
Playground Bleachers,Decoration,A beautiful Playground Bleachers, isometric, pixel art, city-building game style, no background, vibrant colors
Playground Dugout,Decoration,A beautiful Playground Dugout, isometric, pixel art, city-building game style, no background, vibrant colors
Playground Water Fountain,Decoration,A beautiful Playground Water Fountain, isometric, pixel art, city-building game style, no background, vibrant colors
Playground Shade Sail,Decoration,A beautiful Playground Shade Sail, isometric, pixel art, city-building game style, no background, vibrant colors
Playground Picnic Shelter,Decoration,A beautiful Playground Picnic Shelter, isometric, pixel art, city-building game style, no background, vibrant colors
Playground Snack Stand,Decoration,A beautiful Playground Snack Stand, isometric, pixel art, city-building game style, no background, vibrant colors
Playground Restroom,Decoration,A beautiful Playground Restroom, isometric, pixel art, city-building game style, no background, vibrant colors
Playground Bike Rack,Decoration,A beautiful Playground Bike Rack, isometric, pixel art, city-building game style, no background, vibrant colors
Playground Scooter Rack,Decoration,A beautiful Playground Scooter Rack, isometric, pixel art, city-building game style, no background, vibrant colors
Playground Skateboard Rack,Decoration,A beautiful Playground Skateboard Rack, isometric, pixel art, city-building game style, no background, vibrant colors
Playground Rollerblade Rack,Decoration,A beautiful Playground Rollerblade Rack, isometric, pixel art, city-building game style, no background, vibrant colors
Playground Helmet Locker,Decoration,A beautiful Playground Helmet Locker, isometric, pixel art, city-building game style, no background, vibrant colors
Playground Lost & Found,Decoration,A beautiful Playground Lost & Found, isometric, pixel art, city-building game style, no background, vibrant colors
Playground First Aid Station,Decoration,A beautiful Playground First Aid Station, isometric, pixel art, city-building game style, no background, vibrant colors
Playground Information Board,Decoration,A beautiful Playground Information Board, isometric, pixel art, city-building game style, no background, vibrant colors
Playground Map,Decoration,A beautiful Playground Map, isometric, pixel art, city-building game style, no background, vibrant colors
Playground Rules Sign,Decoration,A beautiful Playground Rules Sign, isometric, pixel art, city-building game style, no background, vibrant colors
Playground Welcome Sign,Decoration,A beautiful Playground Welcome Sign, isometric, pixel art, city-building game style, no background, vibrant colors
Playground Exit Sign,Decoration,A beautiful Playground Exit Sign, isometric, pixel art, city-building game style, no background, vibrant colors
Playground Direction Sign,Decoration,A beautiful Playground Direction Sign, isometric, pixel art, city-building game style, no background, vibrant colors
Playground Distance Marker,Decoration,A beautiful Playground Distance Marker, isometric, pixel art, city-building game style, no background, vibrant colors
Playground Height Chart,Decoration,A beautiful Playground Height Chart, isometric, pixel art, city-building game style, no background, vibrant colors
Playground Growth Chart,Decoration,A beautiful Playground Growth Chart, isometric, pixel art, city-building game style, no background, vibrant colors
Playground Birthday Board,Decoration,A beautiful Playground Birthday Board, isometric, pixel art, city-building game style, no background, vibrant colors
Playground Achievement Board,Decoration,A beautiful Playground Achievement Board, isometric, pixel art, city-building game style, no background, vibrant colors
Playground Star Chart,Decoration,A beautiful Playground Star Chart, isometric, pixel art, city-building game style, no background, vibrant colors
Playground Weather Station,Decoration,A beautiful Playground Weather Station, isometric, pixel art, city-building game style, no background, vibrant colors
Playground Rain Gauge,Decoration,A beautiful Playground Rain Gauge, isometric, pixel art, city-building game style, no background, vibrant colors
Playground Thermometer,Decoration,A beautiful Playground Thermometer, isometric, pixel art, city-building game style, no background, vibrant colors
Playground Wind Sock,Decoration,A beautiful Playground Wind Sock, isometric, pixel art, city-building game style, no background, vibrant colors
Playground Barometer,Decoration,A beautiful Playground Barometer, isometric, pixel art, city-building game style, no background, vibrant colors
Playground Anemometer,Decoration,A beautiful Playground Anemometer, isometric, pixel art, city-building game style, no background, vibrant colors
Playground Compass,Decoration,A beautiful Playground Compass, isometric, pixel art, city-building game style, no background, vibrant colors
Playground Globe,Decoration,A beautiful Playground Globe, isometric, pixel art, city-building game style, no background, vibrant colors
Playground Solar System Model,Decoration,A beautiful Playground Solar System Model, isometric, pixel art, city-building game style, no background, vibrant colors
Playground Rocket Sculpture,Decoration,A beautiful Playground Rocket Sculpture, isometric, pixel art, city-building game style, no background, vibrant colors
Playground Spaceship Model,Decoration,A beautiful Playground Spaceship Model, isometric, pixel art, city-building game style, no background, vibrant colors
Playground Alien Statue,Decoration,A beautiful Playground Alien Statue, isometric, pixel art, city-building game style, no background, vibrant colors
Playground Astronaut Statue,Decoration,A beautiful Playground Astronaut Statue, isometric, pixel art, city-building game style, no background, vibrant colors
Playground Moon Rock,Decoration,A beautiful Playground Moon Rock, isometric, pixel art, city-building game style, no background, vibrant colors
Playground Meteorite,Decoration,A beautiful Playground Meteorite, isometric, pixel art, city-building game style, no background, vibrant colors
Playground Satellite Dish,Decoration,A beautiful Playground Satellite Dish, isometric, pixel art, city-building game style, no background, vibrant colors
Playground Observatory Dome,Decoration,A beautiful Playground Observatory Dome, isometric, pixel art, city-building game style, no background, vibrant colors
Playground Planetarium,Decoration,A beautiful Playground Planetarium, isometric, pixel art, city-building game style, no background, vibrant colors
Playground Star Projector,Decoration,A beautiful Playground Star Projector, isometric, pixel art, city-building game style, no background, vibrant colors
Playground Telescope,Decoration,A beautiful Playground Telescope, isometric, pixel art, city-building game style, no background, vibrant colors
Playground Binoculars,Decoration,A beautiful Playground Binoculars, isometric, pixel art, city-building game style, no background, vibrant colors
Playground Periscope,Decoration,A beautiful Playground Periscope, isometric, pixel art, city-building game style, no background, vibrant colors
Playground Kaleidoscope,Decoration,A beautiful Playground Kaleidoscope, isometric, pixel art, city-building game style, no background, vibrant colors
Playground Prism,Decoration,A beautiful Playground Prism, isometric, pixel art, city-building game style, no background, vibrant colors
Playground Rainbow Arch,Decoration,A beautiful Playground Rainbow Arch, isometric, pixel art, city-building game style, no background, vibrant colors
Playground Cloud Bench,Decoration,A beautiful Playground Cloud Bench, isometric, pixel art, city-building game style, no background, vibrant colors
Playground Sun Dial,Decoration,A beautiful Playground Sun Dial, isometric, pixel art, city-building game style, no background, vibrant colors
Playground Moon Bench,Decoration,A beautiful Playground Moon Bench, isometric, pixel art, city-building game style, no background, vibrant colors
Playground Star Bench,Decoration,A beautiful Playground Star Bench, isometric, pixel art, city-building game style, no background, vibrant colors
Playground Galaxy Mural,Decoration,A beautiful Playground Galaxy Mural, isometric, pixel art, city-building game style, no background, vibrant colors
Playground Nebula Sculpture,Decoration,A beautiful Playground Nebula Sculpture, isometric, pixel art, city-building game style, no background, vibrant colors
Playground Comet Sculpture,Decoration,A beautiful Playground Comet Sculpture, isometric, pixel art, city-building game style, no background, vibrant colors
Playground Shooting Star,Decoration,A beautiful Playground Shooting Star, isometric, pixel art, city-building game style, no background, vibrant colors
Playground Meteor Shower,Decoration,A beautiful Playground Meteor Shower, isometric, pixel art, city-building game style, no background, vibrant colors
Playground Aurora Lights,Decoration,A beautiful Playground Aurora Lights, isometric, pixel art, city-building game style, no background, vibrant colors
Playground Northern Lights,Decoration,A beautiful Playground Northern Lights, isometric, pixel art, city-building game style, no background, vibrant colors
Playground Solar Flare,Decoration,A beautiful Playground Solar Flare, isometric, pixel art, city-building game style, no background, vibrant colors
Playground Eclipse Model,Decoration,A beautiful Playground Eclipse Model, isometric, pixel art, city-building game style, no background, vibrant colors
Playground Sunflower Maze,Decoration,A beautiful Playground Sunflower Maze, isometric, pixel art, city-building game style, no background, vibrant colors
Playground Corn Maze,Decoration,A beautiful Playground Corn Maze, isometric, pixel art, city-building game style, no background, vibrant colors
Playground Hay Bale,Decoration,A beautiful Playground Hay Bale, isometric, pixel art, city-building game style, no background, vibrant colors
Playground Scarecrow,Decoration,A beautiful Playground Scarecrow, isometric, pixel art, city-building game style, no background, vibrant colors
Playground Pumpkin Patch,Decoration,A beautiful Playground Pumpkin Patch, isometric, pixel art, city-building game style, no background, vibrant colors
Playground Apple Tree,Decoration,A beautiful Playground Apple Tree, isometric, pixel art, city-building game style, no background, vibrant colors
Playground Orchard Basket,Decoration,A beautiful Playground Orchard Basket, isometric, pixel art, city-building game style, no background, vibrant colors
Playground Fruit Stand,Decoration,A beautiful Playground Fruit Stand, isometric, pixel art, city-building game style, no background, vibrant colors
Playground Veggie Stand,Decoration,A beautiful Playground Veggie Stand, isometric, pixel art, city-building game style, no background, vibrant colors
Playground Flower Cart,Decoration,A beautiful Playground Flower Cart, isometric, pixel art, city-building game style, no background, vibrant colors
Playground Seed Packet,Decoration,A beautiful Playground Seed Packet, isometric, pixel art, city-building game style, no background, vibrant colors
Playground Watering Can,Decoration,A beautiful Playground Watering Can, isometric, pixel art, city-building game style, no background, vibrant colors
Playground Garden Tools,Decoration,A beautiful Playground Garden Tools, isometric, pixel art, city-building game style, no background, vibrant colors
Playground Potting Bench,Decoration,A beautiful Playground Potting Bench, isometric, pixel art, city-building game style, no background, vibrant colors
Playground Greenhouse,Decoration,A beautiful Playground Greenhouse, isometric, pixel art, city-building game style, no background, vibrant colors
Playground Potting Shed,Decoration,A beautiful Playground Potting Shed, isometric, pixel art, city-building game style, no background, vibrant colors
Playground Tool Shed,Decoration,A beautiful Playground Tool Shed, isometric, pixel art, city-building game style, no background, vibrant colors
Playground Wheelbarrow,Decoration,A beautiful Playground Wheelbarrow, isometric, pixel art, city-building game style, no background, vibrant colors
Playground Garden Hose,Decoration,A beautiful Playground Garden Hose, isometric, pixel art, city-building game style, no background, vibrant colors
Playground Sprinkler,Decoration,A beautiful Playground Sprinkler, isometric, pixel art, city-building game style, no background, vibrant colors
Playground Rain Chain,Decoration,A beautiful Playground Rain Chain, isometric, pixel art, city-building game style, no background, vibrant colors
Playground Rain Garden,Decoration,A beautiful Playground Rain Garden, isometric, pixel art, city-building game style, no background, vibrant colors
Playground Butterfly Garden,Decoration,A beautiful Playground Butterfly Garden, isometric, pixel art, city-building game style, no background, vibrant colors
Playground Pollinator Garden,Decoration,A beautiful Playground Pollinator Garden, isometric, pixel art, city-building game style, no background, vibrant colors
Playground Bird Garden,Decoration,A beautiful Playground Bird Garden, isometric, pixel art, city-building game style, no background, vibrant colors
Playground Squirrel Garden,Decoration,A beautiful Playground Squirrel Garden, isometric, pixel art, city-building game style, no background, vibrant colors
Playground Rabbit Garden,Decoration,A beautiful Playground Rabbit Garden, isometric, pixel art, city-building game style, no background, vibrant colors
Playground Fairy Garden,Decoration,A beautiful Playground Fairy Garden, isometric, pixel art, city-building game style, no background, vibrant colors
Playground Gnome Garden,Decoration,A beautiful Playground Gnome Garden, isometric, pixel art, city-building game style, no background, vibrant colors
Playground Dragon Garden,Decoration,A beautiful Playground Dragon Garden, isometric, pixel art, city-building game style, no background, vibrant colors
Playground Unicorn Garden,Decoration,A beautiful Playground Unicorn Garden, isometric, pixel art, city-building game style, no background, vibrant colors
Playground Mermaid Garden,Decoration,A beautiful Playground Mermaid Garden, isometric, pixel art, city-building game style, no background, vibrant colors
Playground Pirate Garden,Decoration,A beautiful Playground Pirate Garden, isometric, pixel art, city-building game style, no background, vibrant colors
Playground Treasure Chest,Decoration,A beautiful Playground Treasure Chest, isometric, pixel art, city-building game style, no background, vibrant colors
Playground Pirate Ship,Decoration,A beautiful Playground Pirate Ship, isometric, pixel art, city-building game style, no background, vibrant colors
Playground Anchor,Decoration,A beautiful Playground Anchor, isometric, pixel art, city-building game style, no background, vibrant colors
Playground Ship Wheel,Decoration,A beautiful Playground Ship Wheel, isometric, pixel art, city-building game style, no background, vibrant colors
Playground Lifebuoy,Decoration,A beautiful Playground Lifebuoy, isometric, pixel art, city-building game style, no background, vibrant colors
Playground Lighthouse,Decoration,A beautiful Playground Lighthouse, isometric, pixel art, city-building game style, no background, vibrant colors
Playground Beach Umbrella,Decoration,A beautiful Playground Beach Umbrella, isometric, pixel art, city-building game style, no background, vibrant colors
Playground Beach Chair,Decoration,A beautiful Playground Beach Chair, isometric, pixel art, city-building game style, no background, vibrant colors
Playground Beach Towel,Decoration,A beautiful Playground Beach Towel, isometric, pixel art, city-building game style, no background, vibrant colors
Playground Sandcastle,Decoration,A beautiful Playground Sandcastle, isometric, pixel art, city-building game style, no background, vibrant colors
Playground Seashell,Decoration,A beautiful Playground Seashell, isometric, pixel art, city-building game style, no background, vibrant colors
Playground Starfish,Decoration,A beautiful Playground Starfish, isometric, pixel art, city-building game style, no background, vibrant colors
Playground Crab,Decoration,A beautiful Playground Crab, isometric, pixel art, city-building game style, no background, vibrant colors
Playground Dolphin,Decoration,A beautiful Playground Dolphin, isometric, pixel art, city-building game style, no background, vibrant colors
Playground Whale,Decoration,A beautiful Playground Whale, isometric, pixel art, city-building game style, no background, vibrant colors
Playground Shark,Decoration,A beautiful Playground Shark, isometric, pixel art, city-building game style, no background, vibrant colors
Playground Octopus,Decoration,A beautiful Playground Octopus, isometric, pixel art, city-building game style, no background, vibrant colors
Playground Jellyfish,Decoration,A beautiful Playground Jellyfish, isometric, pixel art, city-building game style, no background, vibrant colors
Playground Coral,Decoration,A beautiful Playground Coral, isometric, pixel art, city-building game style, no background, vibrant colors
Playground Seaweed,Decoration,A beautiful Playground Seaweed, isometric, pixel art, city-building game style, no background, vibrant colors
Playground Message Bottle,Decoration,A beautiful Playground Message Bottle, isometric, pixel art, city-building game style, no background, vibrant colors
Playground Driftwood,Decoration,A beautiful Playground Driftwood, isometric, pixel art, city-building game style, no background, vibrant colors
Playground Surfboard,Decoration,A beautiful Playground Surfboard, isometric, pixel art, city-building game style, no background, vibrant colors
Playground Boogie Board,Decoration,A beautiful Playground Boogie Board, isometric, pixel art, city-building game style, no background, vibrant colors
Playground Paddleboard,Decoration,A beautiful Playground Paddleboard, isometric, pixel art, city-building game style, no background, vibrant colors
Playground Kayak,Decoration,A beautiful Playground Kayak, isometric, pixel art, city-building game style, no background, vibrant colors
Playground Canoe,Decoration,A beautiful Playground Canoe, isometric, pixel art, city-building game style, no background, vibrant colors
Playground Rowboat,Decoration,A beautiful Playground Rowboat, isometric, pixel art, city-building game style, no background, vibrant colors
Playground Sailboat,Decoration,A beautiful Playground Sailboat, isometric, pixel art, city-building game style, no background, vibrant colors
Playground Fishing Rod,Decoration,A beautiful Playground Fishing Rod, isometric, pixel art, city-building game style, no background, vibrant colors
Playground Fishing Net,Decoration,A beautiful Playground Fishing Net, isometric, pixel art, city-building game style, no background, vibrant colors
Playground Fish Basket,Decoration,A beautiful Playground Fish Basket, isometric, pixel art, city-building game style, no background, vibrant colors
Playground Fish Crate,Decoration,A beautiful Playground Fish Crate, isometric, pixel art, city-building game style, no background, vibrant colors
Playground Fish Barrel,Decoration,A beautiful Playground Fish Barrel, isometric, pixel art, city-building game style, no background, vibrant colors
Playground Fish Market,Decoration,A beautiful Playground Fish Market, isometric, pixel art, city-building game style, no background, vibrant colors
Playground Lobster Trap,Decoration,A beautiful Playground Lobster Trap, isometric, pixel art, city-building game style, no background, vibrant colors
Playground Crab Pot,Decoration,A beautiful Playground Crab Pot, isometric, pixel art, city-building game style, no background, vibrant colors
Playground Oyster Basket,Decoration,A beautiful Playground Oyster Basket, isometric, pixel art, city-building game style, no background, vibrant colors
Playground Pearl,Decoration,A beautiful Playground Pearl, isometric, pixel art, city-building game style, no background, vibrant colors
Playground Clam Shell,Decoration,A beautiful Playground Clam Shell, isometric, pixel art, city-building game style, no background, vibrant colors
Playground Sand Dollar,Decoration,A beautiful Playground Sand Dollar, isometric, pixel art, city-building game style, no background, vibrant colors
Playground Sea Glass,Decoration,A beautiful Playground Sea Glass, isometric, pixel art, city-building game style, no background, vibrant colors
Playground Beach Ball,Decoration,A beautiful Playground Beach Ball, isometric, pixel art, city-building game style, no background, vibrant colors
Playground Volleyball Net,Decoration,A beautiful Playground Volleyball Net, isometric, pixel art, city-building game style, no background, vibrant colors
Playground Frisbee,Decoration,A beautiful Playground Frisbee, isometric, pixel art, city-building game style, no background, vibrant colors
Playground Kite,Decoration,A beautiful Playground Kite, isometric, pixel art, city-building game style, no background, vibrant colors
Playground Pinwheel,Decoration,A beautiful Playground Pinwheel, isometric, pixel art, city-building game style, no background, vibrant colors
Playground Bubble Wand,Decoration,A beautiful Playground Bubble Wand, isometric, pixel art, city-building game style, no background, vibrant colors
Playground Hula Hoop,Decoration,A beautiful Playground Hula Hoop, isometric, pixel art, city-building game style, no background, vibrant colors
Playground Jump Rope,Decoration,A beautiful Playground Jump Rope, isometric, pixel art, city-building game style, no background, vibrant colors
Playground Bean Bag Toss,Decoration,A beautiful Playground Bean Bag Toss, isometric, pixel art, city-building game style, no background, vibrant colors
Playground Horseshoe Pit,Decoration,A beautiful Playground Horseshoe Pit, isometric, pixel art, city-building game style, no background, vibrant colors
Playground Cornhole Board,Decoration,A beautiful Playground Cornhole Board, isometric, pixel art, city-building game style, no background, vibrant colors
Playground Ladder Toss,Decoration,A beautiful Playground Ladder Toss, isometric, pixel art, city-building game style, no background, vibrant colors
Playground Bocce Court,Decoration,A beautiful Playground Bocce Court, isometric, pixel art, city-building game style, no background, vibrant colors
Playground Croquet Set,Decoration,A beautiful Playground Croquet Set, isometric, pixel art, city-building game style, no background, vibrant colors
Playground Mini Golf Hole,Decoration,A beautiful Playground Mini Golf Hole, isometric, pixel art, city-building game style, no background, vibrant colors
Playground Golf Flag,Decoration,A beautiful Playground Golf Flag, isometric, pixel art, city-building game style, no background, vibrant colors
Playground Golf Ball,Decoration,A beautiful Playground Golf Ball, isometric, pixel art, city-building game style, no background, vibrant colors
Playground Golf Club,Decoration,A beautiful Playground Golf Club, isometric, pixel art, city-building game style, no background, vibrant colors
Playground Golf Cart,Decoration,A beautiful Playground Golf Cart, isometric, pixel art, city-building game style, no background, vibrant colors
Playground Scorecard,Decoration,A beautiful Playground Scorecard, isometric, pixel art, city-building game style, no background, vibrant colors
Playground Trophy,Decoration,A beautiful Playground Trophy, isometric, pixel art, city-building game style, no background, vibrant colors
Playground Medal,Decoration,A beautiful Playground Medal, isometric, pixel art, city-building game style, no background, vibrant colors
Playground Ribbon,Decoration,A beautiful Playground Ribbon, isometric, pixel art, city-building game style, no background, vibrant colors
Playground Certificate,Decoration,A beautiful Playground Certificate, isometric, pixel art, city-building game style, no background, vibrant colors
Playground Plaque,Decoration,A beautiful Playground Plaque, isometric, pixel art, city-building game style, no background, vibrant colors
Playground Banner,Decoration,A beautiful Playground Banner, isometric, pixel art, city-building game style, no background, vibrant colors
Playground Streamers,Decoration,A beautiful Playground Streamers, isometric, pixel art, city-building game style, no background, vibrant colors
Golden Fountain,Premium Decoration,A premium Golden Fountain, glowing effects, isometric, pixel art, city-building game style, no background, vibrant colors
Crystal Statue,Premium Decoration,A premium Crystal Statue, glowing effects, isometric, pixel art, city-building game style, no background, vibrant colors
Neon Sign,Premium Decoration,A premium Neon Sign, glowing effects, isometric, pixel art, city-building game style, no background, vibrant colors
Rainbow Arch,Premium Decoration,A premium Rainbow Arch, glowing effects, isometric, pixel art, city-building game style, no background, vibrant colors
Diamond Bench,Premium Decoration,A premium Diamond Bench, glowing effects, isometric, pixel art, city-building game style, no background, vibrant colors
Luxury Lamp Post,Premium Decoration,A premium Luxury Lamp Post, glowing effects, isometric, pixel art, city-building game style, no background, vibrant colors
Animated Billboard,Premium Decoration,A premium Animated Billboard, glowing effects, isometric, pixel art, city-building game style, no background, vibrant colors
Hologram Tree,Premium Decoration,A premium Hologram Tree, glowing effects, isometric, pixel art, city-building game style, no background, vibrant colors
Platinum Mailbox,Premium Decoration,A premium Platinum Mailbox, glowing effects, isometric, pixel art, city-building game style, no background, vibrant colors
Designer Flower Bed,Premium Decoration,A premium Designer Flower Bed, glowing effects, isometric, pixel art, city-building game style, no background, vibrant colors
Marble Path,Premium Decoration,A premium Marble Path, glowing effects, isometric, pixel art, city-building game style, no background, vibrant colors
Ornate Gazebo,Premium Decoration,A premium Ornate Gazebo, glowing effects, isometric, pixel art, city-building game style, no background, vibrant colors
Animated Water Feature,Premium Decoration,A premium Animated Water Feature, glowing effects, isometric, pixel art, city-building game style, no background, vibrant colors
Enchanted Lantern,Premium Decoration,A premium Enchanted Lantern, glowing effects, isometric, pixel art, city-building game style, no background, vibrant colors
Royal Banner,Premium Decoration,A premium Royal Banner, glowing effects, isometric, pixel art, city-building game style, no background, vibrant colors
Animated Waterfall,Premium Decoration,A premium Animated Waterfall, glowing effects, isometric, pixel art, city-building game style, no background, vibrant colors
Floating Lantern,Premium Decoration,A premium Floating Lantern, glowing effects, isometric, pixel art, city-building game style, no background, vibrant colors
Enchanted Tree,Premium Decoration,A premium Enchanted Tree, glowing effects, isometric, pixel art, city-building game style, no background, vibrant colors
Celestial Globe,Premium Decoration,A premium Celestial Globe, glowing effects, isometric, pixel art, city-building game style, no background, vibrant colors
Starlight Archway,Premium Decoration,A premium Starlight Archway, glowing effects, isometric, pixel art, city-building game style, no background, vibrant colors
Rose Gold Planter,Premium Decoration,A premium Rose Gold Planter, glowing effects, isometric, pixel art, city-building game style, no background, vibrant colors
Illuminated Topiary,Premium Decoration,A premium Illuminated Topiary, glowing effects, isometric, pixel art, city-building game style, no background, vibrant colors
Animated Butterfly Swarm,Premium Decoration,A premium Animated Butterfly Swarm, glowing effects, isometric, pixel art, city-building game style, no background, vibrant colors
Magic Portal,Premium Decoration,A premium Magic Portal, glowing effects, isometric, pixel art, city-building game style, no background, vibrant colors
Glowing Mushroom Circle,Premium Decoration,A premium Glowing Mushroom Circle, glowing effects, isometric, pixel art, city-building game style, no background, vibrant colors
Aurora Borealis Projector,Premium Decoration,A premium Aurora Borealis Projector, glowing effects, isometric, pixel art, city-building game style, no background, vibrant colors
Animated Firefly Lamp,Premium Decoration,A premium Animated Firefly Lamp, glowing effects, isometric, pixel art, city-building game style, no background, vibrant colors
Crystal Chandelier Tree,Premium Decoration,A premium Crystal Chandelier Tree, glowing effects, isometric, pixel art, city-building game style, no background, vibrant colors
Animated Rainbow Fountain,Premium Decoration,A premium Animated Rainbow Fountain, glowing effects, isometric, pixel art, city-building game style, no background, vibrant colors
Golden Bird Bath,Premium Decoration,A premium Golden Bird Bath, glowing effects, isometric, pixel art, city-building game style, no background, vibrant colors
Silver Wind Chime,Premium Decoration,A premium Silver Wind Chime, glowing effects, isometric, pixel art, city-building game style, no background, vibrant colors
Animated Fairy Circle,Premium Decoration,A premium Animated Fairy Circle, glowing effects, isometric, pixel art, city-building game style, no background, vibrant colors
Prismatic Mosaic,Premium Decoration,A premium Prismatic Mosaic, glowing effects, isometric, pixel art, city-building game style, no background, vibrant colors
Animated Star Fountain,Premium Decoration,A premium Animated Star Fountain, glowing effects, isometric, pixel art, city-building game style, no background, vibrant colors
Animated Shooting Star,Premium Decoration,A premium Animated Shooting Star, glowing effects, isometric, pixel art, city-building game style, no background, vibrant colors
Animated Meteor Shower,Premium Decoration,A premium Animated Meteor Shower, glowing effects, isometric, pixel art, city-building game style, no background, vibrant colors
Animated Cloud Swing,Premium Decoration,A premium Animated Cloud Swing, glowing effects, isometric, pixel art, city-building game style, no background, vibrant colors
Animated Rainbow Slide,Premium Decoration,A premium Animated Rainbow Slide, glowing effects, isometric, pixel art, city-building game style, no background, vibrant colors
Animated Water Lily Pond,Premium Decoration,A premium Animated Water Lily Pond, glowing effects, isometric, pixel art, city-building game style, no background, vibrant colors
Animated Lotus Fountain,Premium Decoration,A premium Animated Lotus Fountain, glowing effects, isometric, pixel art, city-building game style, no background, vibrant colors
Animated Koi Pond,Premium Decoration,A premium Animated Koi Pond, glowing effects, isometric, pixel art, city-building game style, no background, vibrant colors
Animated Dragon Statue,Premium Decoration,A premium Animated Dragon Statue, glowing effects, isometric, pixel art, city-building game style, no background, vibrant colors
Animated Phoenix Sculpture,Premium Decoration,A premium Animated Phoenix Sculpture, glowing effects, isometric, pixel art, city-building game style, no background, vibrant colors
Animated Unicorn Statue,Premium Decoration,A premium Animated Unicorn Statue, glowing effects, isometric, pixel art, city-building game style, no background, vibrant colors
Animated Pegasus Statue,Premium Decoration,A premium Animated Pegasus Statue, glowing effects, isometric, pixel art, city-building game style, no background, vibrant colors
Animated Mermaid Fountain,Premium Decoration,A premium Animated Mermaid Fountain, glowing effects, isometric, pixel art, city-building game style, no background, vibrant colors
Animated Dolphin Fountain,Premium Decoration,A premium Animated Dolphin Fountain, glowing effects, isometric, pixel art, city-building game style, no background, vibrant colors
Animated Whale Fountain,Premium Decoration,A premium Animated Whale Fountain, glowing effects, isometric, pixel art, city-building game style, no background, vibrant colors
Animated Jellyfish Lamp,Premium Decoration,A premium Animated Jellyfish Lamp, glowing effects, isometric, pixel art, city-building game style, no background, vibrant colors
Animated Coral Garden,Premium Decoration,A premium Animated Coral Garden, glowing effects, isometric, pixel art, city-building game style, no background, vibrant colors
Animated Seahorse Statue,Premium Decoration,A premium Animated Seahorse Statue, glowing effects, isometric, pixel art, city-building game style, no background, vibrant colors
Animated Octopus Sculpture,Premium Decoration,A premium Animated Octopus Sculpture, glowing effects, isometric, pixel art, city-building game style, no background, vibrant colors
Animated Treasure Chest,Premium Decoration,A premium Animated Treasure Chest, glowing effects, isometric, pixel art, city-building game style, no background, vibrant colors
Animated Pirate Ship,Premium Decoration,A premium Animated Pirate Ship, glowing effects, isometric, pixel art, city-building game style, no background, vibrant colors
Animated Lighthouse,Premium Decoration,A premium Animated Lighthouse, glowing effects, isometric, pixel art, city-building game style, no background, vibrant colors
Animated Ship Wheel,Premium Decoration,A premium Animated Ship Wheel, glowing effects, isometric, pixel art, city-building game style, no background, vibrant colors
Animated Anchor,Premium Decoration,A premium Animated Anchor, glowing effects, isometric, pixel art, city-building game style, no background, vibrant colors
Animated Compass Rose,Premium Decoration,A premium Animated Compass Rose, glowing effects, isometric, pixel art, city-building game style, no background, vibrant colors
Animated Map Table,Premium Decoration,A premium Animated Map Table, glowing effects, isometric, pixel art, city-building game style, no background, vibrant colors
Animated Telescope,Premium Decoration,A premium Animated Telescope, glowing effects, isometric, pixel art, city-building game style, no background, vibrant colors
Animated Observatory Dome,Premium Decoration,A premium Animated Observatory Dome, glowing effects, isometric, pixel art, city-building game style, no background, vibrant colors
Animated Planetarium,Premium Decoration,A premium Animated Planetarium, glowing effects, isometric, pixel art, city-building game style, no background, vibrant colors
Animated Rocket Sculpture,Premium Decoration,A premium Animated Rocket Sculpture, glowing effects, isometric, pixel art, city-building game style, no background, vibrant colors
Animated Satellite Dish,Premium Decoration,A premium Animated Satellite Dish, glowing effects, isometric, pixel art, city-building game style, no background, vibrant colors
Animated Space Shuttle,Premium Decoration,A premium Animated Space Shuttle, glowing effects, isometric, pixel art, city-building game style, no background, vibrant colors
Animated Moon Rock,Premium Decoration,A premium Animated Moon Rock, glowing effects, isometric, pixel art, city-building game style, no background, vibrant colors
Animated Meteorite,Premium Decoration,A premium Animated Meteorite, glowing effects, isometric, pixel art, city-building game style, no background, vibrant colors
Animated Alien Statue,Premium Decoration,A premium Animated Alien Statue, glowing effects, isometric, pixel art, city-building game style, no background, vibrant colors
Animated UFO Sculpture,Premium Decoration,A premium Animated UFO Sculpture, glowing effects, isometric, pixel art, city-building game style, no background, vibrant colors
Animated Robot Statue,Premium Decoration,A premium Animated Robot Statue, glowing effects, isometric, pixel art, city-building game style, no background, vibrant colors
Animated Circuit Board Path,Premium Decoration,A premium Animated Circuit Board Path, glowing effects, isometric, pixel art, city-building game style, no background, vibrant colors
Animated Hologram Billboard,Premium Decoration,A premium Animated Hologram Billboard, glowing effects, isometric, pixel art, city-building game style, no background, vibrant colors
Animated Laser Fountain,Premium Decoration,A premium Animated Laser Fountain, glowing effects, isometric, pixel art, city-building game style, no background, vibrant colors
Animated Plasma Globe,Premium Decoration,A premium Animated Plasma Globe, glowing effects, isometric, pixel art, city-building game style, no background, vibrant colors
Animated Tesla Coil,Premium Decoration,A premium Animated Tesla Coil, glowing effects, isometric, pixel art, city-building game style, no background, vibrant colors
Animated Electric Arc,Premium Decoration,A premium Animated Electric Arc, glowing effects, isometric, pixel art, city-building game style, no background, vibrant colors
Animated Lightning Rod,Premium Decoration,A premium Animated Lightning Rod, glowing effects, isometric, pixel art, city-building game style, no background, vibrant colors
Animated Storm Cloud,Premium Decoration,A premium Animated Storm Cloud, glowing effects, isometric, pixel art, city-building game style, no background, vibrant colors
Animated Rain Cloud,Premium Decoration,A premium Animated Rain Cloud, glowing effects, isometric, pixel art, city-building game style, no background, vibrant colors
Animated Sun Dial,Premium Decoration,A premium Animated Sun Dial, glowing effects, isometric, pixel art, city-building game style, no background, vibrant colors
Animated Solar Panel,Premium Decoration,A premium Animated Solar Panel, glowing effects, isometric, pixel art, city-building game style, no background, vibrant colors
Animated Wind Turbine,Premium Decoration,A premium Animated Wind Turbine, glowing effects, isometric, pixel art, city-building game style, no background, vibrant colors
Animated Water Wheel,Premium Decoration,A premium Animated Water Wheel, glowing effects, isometric, pixel art, city-building game style, no background, vibrant colors
Animated Geode Fountain,Premium Decoration,A premium Animated Geode Fountain, glowing effects, isometric, pixel art, city-building game style, no background, vibrant colors
Animated Crystal Cave,Premium Decoration,A premium Animated Crystal Cave, glowing effects, isometric, pixel art, city-building game style, no background, vibrant colors
Animated Gemstone Path,Premium Decoration,A premium Animated Gemstone Path, glowing effects, isometric, pixel art, city-building game style, no background, vibrant colors
Animated Sapphire Bench,Premium Decoration,A premium Animated Sapphire Bench, glowing effects, isometric, pixel art, city-building game style, no background, vibrant colors
Animated Ruby Planter,Premium Decoration,A premium Animated Ruby Planter, glowing effects, isometric, pixel art, city-building game style, no background, vibrant colors
Animated Emerald Lamp,Premium Decoration,A premium Animated Emerald Lamp, glowing effects, isometric, pixel art, city-building game style, no background, vibrant colors
Animated Amethyst Arch,Premium Decoration,A premium Animated Amethyst Arch, glowing effects, isometric, pixel art, city-building game style, no background, vibrant colors
Animated Opal Mosaic,Premium Decoration,A premium Animated Opal Mosaic, glowing effects, isometric, pixel art, city-building game style, no background, vibrant colors
Animated Pearl Fountain,Premium Decoration,A premium Animated Pearl Fountain, glowing effects, isometric, pixel art, city-building game style, no background, vibrant colors
Animated Coral Reef,Premium Decoration,A premium Animated Coral Reef, glowing effects, isometric, pixel art, city-building game style, no background, vibrant colors
Animated Starfish Sculpture,Premium Decoration,A premium Animated Starfish Sculpture, glowing effects, isometric, pixel art, city-building game style, no background, vibrant colors
Animated Sand Dollar Path,Premium Decoration,A premium Animated Sand Dollar Path, glowing effects, isometric, pixel art, city-building game style, no background, vibrant colors
Animated Seashell Bench,Premium Decoration,A premium Animated Seashell Bench, glowing effects, isometric, pixel art, city-building game style, no background, vibrant colors
Animated Nautilus Lamp,Premium Decoration,A premium Animated Nautilus Lamp, glowing effects, isometric, pixel art, city-building game style, no background, vibrant colors
Animated Mermaid Statue,Premium Decoration,A premium Animated Mermaid Statue, glowing effects, isometric, pixel art, city-building game style, no background, vibrant colors
Animated Pirate Flag,Premium Decoration,A premium Animated Pirate Flag, glowing effects, isometric, pixel art, city-building game style, no background, vibrant colors
Animated Treasure Map,Premium Decoration,A premium Animated Treasure Map, glowing effects, isometric, pixel art, city-building game style, no background, vibrant colors
Animated Parrot Sculpture,Premium Decoration,A premium Animated Parrot Sculpture, glowing effects, isometric, pixel art, city-building game style, no background, vibrant colors
Animated Monkey Statue,Premium Decoration,A premium Animated Monkey Statue, glowing effects, isometric, pixel art, city-building game style, no background, vibrant colors
Animated Banana Tree,Premium Decoration,A premium Animated Banana Tree, glowing effects, isometric, pixel art, city-building game style, no background, vibrant colors
Animated Coconut Fountain,Premium Decoration,A premium Animated Coconut Fountain, glowing effects, isometric, pixel art, city-building game style, no background, vibrant colors
Animated Surfboard Rack,Premium Decoration,A premium Animated Surfboard Rack, glowing effects, isometric, pixel art, city-building game style, no background, vibrant colors
Animated Lifeguard Chair,Premium Decoration,A premium Animated Lifeguard Chair, glowing effects, isometric, pixel art, city-building game style, no background, vibrant colors
Animated Beach Umbrella,Premium Decoration,A premium Animated Beach Umbrella, glowing effects, isometric, pixel art, city-building game style, no background, vibrant colors
Animated Beach Ball,Premium Decoration,A premium Animated Beach Ball, glowing effects, isometric, pixel art, city-building game style, no background, vibrant colors
Animated Sandcastle,Premium Decoration,A premium Animated Sandcastle, glowing effects, isometric, pixel art, city-building game style, no background, vibrant colors
Animated Tiki Torch,Premium Decoration,A premium Animated Tiki Torch, glowing effects, isometric, pixel art, city-building game style, no background, vibrant colors
Wellness Clinic,Health Harbor Building,A detailed Wellness Clinic building, isometric, pixel art, city-building game style, no background, vibrant colors
Yoga Studio,Health Harbor Building,A detailed Yoga Studio building, isometric, pixel art, city-building game style, no background, vibrant colors
Juice Bar,Health Harbor Building,A detailed Juice Bar building, isometric, pixel art, city-building game style, no background, vibrant colors
Sleep Sanctuary,Health Harbor Building,A detailed Sleep Sanctuary building, isometric, pixel art, city-building game style, no background, vibrant colors
Nutrition Lab,Health Harbor Building,A detailed Nutrition Lab building, isometric, pixel art, city-building game style, no background, vibrant colors
Spa Retreat,Health Harbor Building,A detailed Spa Retreat building, isometric, pixel art, city-building game style, no background, vibrant colors
Running Track,Health Harbor Building,A detailed Running Track building, isometric, pixel art, city-building game style, no background, vibrant colors
Physical Therapy Center,Health Harbor Building,A detailed Physical Therapy Center building, isometric, pixel art, city-building game style, no background, vibrant colors
Biohacking Hub,Health Harbor Building,A detailed Biohacking Hub building, isometric, pixel art, city-building game style, no background, vibrant colors
Aquatic Center,Health Harbor Building,A detailed Aquatic Center building, isometric, pixel art, city-building game style, no background, vibrant colors
Hydration Station,Health Harbor Building,A detailed Hydration Station building, isometric, pixel art, city-building game style, no background, vibrant colors
Fresh Air Foundry,Health Harbor Building,A detailed Fresh Air Foundry building, isometric, pixel art, city-building game style, no background, vibrant colors
Fitness Fortress,Health Harbor Building,A detailed Fitness Fortress building, isometric, pixel art, city-building game style, no background, vibrant colors
Zen Cycle Studio,Health Harbor Building,A detailed Zen Cycle Studio building, isometric, pixel art, city-building game style, no background, vibrant colors
Climbing Wall Plaza,Health Harbor Building,A detailed Climbing Wall Plaza building, isometric, pixel art, city-building game style, no background, vibrant colors
Mindful Mile Path,Health Harbor Building,A detailed Mindful Mile Path building, isometric, pixel art, city-building game style, no background, vibrant colors
Sunlight Solarium,Health Harbor Building,A detailed Sunlight Solarium building, isometric, pixel art, city-building game style, no background, vibrant colors
Adventure Obstacle Park,Health Harbor Building,A detailed Adventure Obstacle Park building, isometric, pixel art, city-building game style, no background, vibrant colors
Wellness Workshop,Health Harbor Building,A detailed Wellness Workshop building, isometric, pixel art, city-building game style, no background, vibrant colors
Movement Metro,Health Harbor Building,A detailed Movement Metro building, isometric, pixel art, city-building game style, no background, vibrant colors
Meditation Garden,Mind Palace Building,A detailed Meditation Garden building, isometric, pixel art, city-building game style, no background, vibrant colors
Therapy Center,Mind Palace Building,A detailed Therapy Center building, isometric, pixel art, city-building game style, no background, vibrant colors
Gratitude Gardens,Mind Palace Building,A detailed Gratitude Gardens building, isometric, pixel art, city-building game style, no background, vibrant colors
Boundary Bridge,Mind Palace Building,A detailed Boundary Bridge building, isometric, pixel art, city-building game style, no background, vibrant colors
Calm Cascade,Mind Palace Building,A detailed Calm Cascade building, isometric, pixel art, city-building game style, no background, vibrant colors
Reflection Pavilion,Mind Palace Building,A detailed Reflection Pavilion building, isometric, pixel art, city-building game style, no background, vibrant colors
Meditation Monument,Mind Palace Building,A detailed Meditation Monument building, isometric, pixel art, city-building game style, no background, vibrant colors
Therapy Tower,Mind Palace Building,A detailed Therapy Tower building, isometric, pixel art, city-building game style, no background, vibrant colors
Mindful Maze,Mind Palace Building,A detailed Mindful Maze building, isometric, pixel art, city-building game style, no background, vibrant colors
Insight Library,Mind Palace Building,A detailed Insight Library building, isometric, pixel art, city-building game style, no background, vibrant colors
Dream Dome,Mind Palace Building,A detailed Dream Dome building, isometric, pixel art, city-building game style, no background, vibrant colors
Focus Fountain,Mind Palace Building,A detailed Focus Fountain building, isometric, pixel art, city-building game style, no background, vibrant colors
Resilience Retreat,Mind Palace Building,A detailed Resilience Retreat building, isometric, pixel art, city-building game style, no background, vibrant colors
Memory Museum,Mind Palace Building,A detailed Memory Museum building, isometric, pixel art, city-building game style, no background, vibrant colors
Empathy Emporium,Mind Palace Building,A detailed Empathy Emporium building, isometric, pixel art, city-building game style, no background, vibrant colors
Puzzle Plaza,Mind Palace Building,A detailed Puzzle Plaza building, isometric, pixel art, city-building game style, no background, vibrant colors
Inspiration Observatory,Mind Palace Building,A detailed Inspiration Observatory building, isometric, pixel art, city-building game style, no background, vibrant colors
Mindfulness Monorail,Mind Palace Building,A detailed Mindfulness Monorail building, isometric, pixel art, city-building game style, no background, vibrant colors
Wisdom Workshop,Mind Palace Building,A detailed Wisdom Workshop building, isometric, pixel art, city-building game style, no background, vibrant colors
Serotonin Springs,Mind Palace Building,A detailed Serotonin Springs building, isometric, pixel art, city-building game style, no background, vibrant colors
Writers' Loft,Creative Commons Building,A detailed Writers' Loft building, isometric, pixel art, city-building game style, no background, vibrant colors
Street Art Alley,Creative Commons Building,A detailed Street Art Alley building, isometric, pixel art, city-building game style, no background, vibrant colors
Expression Exhibit,Creative Commons Building,A detailed Expression Exhibit building, isometric, pixel art, city-building game style, no background, vibrant colors
Art Amphitheater,Creative Commons Building,A detailed Art Amphitheater building, isometric, pixel art, city-building game style, no background, vibrant colors
Innovation Incubator,Creative Commons Building,A detailed Innovation Incubator building, isometric, pixel art, city-building game style, no background, vibrant colors
Style Studio,Creative Commons Building,A detailed Style Studio building, isometric, pixel art, city-building game style, no background, vibrant colors
Music Monument,Creative Commons Building,A detailed Music Monument building, isometric, pixel art, city-building game style, no background, vibrant colors
Makerspace Market,Creative Commons Building,A detailed Makerspace Market building, isometric, pixel art, city-building game style, no background, vibrant colors
Inspiration Tower,Creative Commons Building,A detailed Inspiration Tower building, isometric, pixel art, city-building game style, no background, vibrant colors
Animation Arcade,Creative Commons Building,A detailed Animation Arcade building, isometric, pixel art, city-building game style, no background, vibrant colors
Design Den,Creative Commons Building,A detailed Design Den building, isometric, pixel art, city-building game style, no background, vibrant colors
Sculpture Studio,Creative Commons Building,A detailed Sculpture Studio building, isometric, pixel art, city-building game style, no background, vibrant colors
Film Festival Plaza,Creative Commons Building,A detailed Film Festival Plaza building, isometric, pixel art, city-building game style, no background, vibrant colors
Improv Island,Creative Commons Building,A detailed Improv Island building, isometric, pixel art, city-building game style, no background, vibrant colors
Fashion Runway,Creative Commons Building,A detailed Fashion Runway building, isometric, pixel art, city-building game style, no background, vibrant colors
Game Dev Garage,Creative Commons Building,A detailed Game Dev Garage building, isometric, pixel art, city-building game style, no background, vibrant colors
Poetry Pavilion,Creative Commons Building,A detailed Poetry Pavilion building, isometric, pixel art, city-building game style, no background, vibrant colors
Creative Caf,Creative Commons Building,A detailed Creative Caf building, isometric, pixel art, city-building game style, no background, vibrant colors
Color Splash Park,Creative Commons Building,A detailed Color Splash Park building, isometric, pixel art, city-building game style, no background, vibrant colors
Dream Lab,Creative Commons Building,A detailed Dream Lab building, isometric, pixel art, city-building game style, no background, vibrant colors
Friendship Fountain,Social Square Building,A detailed Friendship Fountain building, isometric, pixel art, city-building game style, no background, vibrant colors
Kindness Kiosk,Social Square Building,A detailed Kindness Kiosk building, isometric, pixel art, city-building game style, no background, vibrant colors
Community Center,Social Square Building,A detailed Community Center building, isometric, pixel art, city-building game style, no background, vibrant colors
Cultural Pavilion,Social Square Building,A detailed Cultural Pavilion building, isometric, pixel art, city-building game style, no background, vibrant colors
Game Arcade,Social Square Building,A detailed Game Arcade building, isometric, pixel art, city-building game style, no background, vibrant colors
Coffee Corner,Social Square Building,A detailed Coffee Corner building, isometric, pixel art, city-building game style, no background, vibrant colors
Family Fortress,Social Square Building,A detailed Family Fortress building, isometric, pixel art, city-building game style, no background, vibrant colors
Support Network Hub,Social Square Building,A detailed Support Network Hub building, isometric, pixel art, city-building game style, no background, vibrant colors
Social Stage,Social Square Building,A detailed Social Stage building, isometric, pixel art, city-building game style, no background, vibrant colors
Volunteer Village,Social Square Building,A detailed Volunteer Village building, isometric, pixel art, city-building game style, no background, vibrant colors
Celebration Square,Social Square Building,A detailed Celebration Square building, isometric, pixel art, city-building game style, no background, vibrant colors
Pet Park,Social Square Building,A detailed Pet Park building, isometric, pixel art, city-building game style, no background, vibrant colors
Teamwork Tower,Social Square Building,A detailed Teamwork Tower building, isometric, pixel art, city-building game style, no background, vibrant colors
Compliment Carousel,Social Square Building,A detailed Compliment Carousel building, isometric, pixel art, city-building game style, no background, vibrant colors
Empathy Exchange,Social Square Building,A detailed Empathy Exchange building, isometric, pixel art, city-building game style, no background, vibrant colors
Social Skate Rink,Social Square Building,A detailed Social Skate Rink building, isometric, pixel art, city-building game style, no background, vibrant colors
Kindness Garden,Social Square Building,A detailed Kindness Garden building, isometric, pixel art, city-building game style, no background, vibrant colors
Festival Field,Social Square Building,A detailed Festival Field building, isometric, pixel art, city-building game style, no background, vibrant colors
Connection Caf,Social Square Building,A detailed Connection Caf building, isometric, pixel art, city-building game style, no background, vibrant colors
Positivity Plaza,Social Square Building,A detailed Positivity Plaza building, isometric, pixel art, city-building game style, no background, vibrant colors