Batch Number,Prompt 1,Prompt 2,Prompt 3,Prompt 4
1,"A beautiful Oak Tree, isometric, pixel art, city-building game style, no background, vibrant colors","A beautiful Pine Tree, isometric, pixel art, city-building game style, no background, vibrant colors","A beautiful Maple Tree, isometric, pixel art, city-building game style, no background, vibrant colors","A beautiful Cherry Blossom Tree, isometric, pixel art, city-building game style, no background, vibrant colors"
2,"A beautiful Palm Tree, isometric, pixel art, city-building game style, no background, vibrant colors","A beautiful Birch Tree, isometric, pixel art, city-building game style, no background, vibrant colors","A beautiful Willow Tree, isometric, pixel art, city-building game style, no background, vibrant colors","A beautiful Spruce Tree, isometric, pixel art, city-building game style, no background, vibrant colors"
3,"A beautiful Flower Bed, isometric, pixel art, city-building game style, no background, vibrant colors","A beautiful Rose Bush, isometric, pixel art, city-building game style, no background, vibrant colors","A beautiful Sunflower Patch, isometric, pixel art, city-building game style, no background, vibrant colors","A beautiful Tulip Garden, isometric, pixel art, city-building game style, no background, vibrant colors"
4,"A beautiful Daffodil Cluster, isometric, pixel art, city-building game style, no background, vibrant colors","A beautiful Lavender Patch, isometric, pixel art, city-building game style, no background, vibrant colors","A beautiful Hydrangea Bush, isometric, pixel art, city-building game style, no background, vibrant colors","A beautiful Azalea Bush, isometric, pixel art, city-building game style, no background, vibrant colors"
5,"A beautiful Garden Bench, isometric, pixel art, city-building game style, no background, vibrant colors","A beautiful Picnic Table, isometric, pixel art, city-building game style, no background, vibrant colors","A beautiful Wooden Fence, isometric, pixel art, city-building game style, no background, vibrant colors","A beautiful White Picket Fence, isometric, pixel art, city-building game style, no background, vibrant colors"
6,"A beautiful Stone Path, isometric, pixel art, city-building game style, no background, vibrant colors","A beautiful Brick Path, isometric, pixel art, city-building game style, no background, vibrant colors","A beautiful Gravel Path, isometric, pixel art, city-building game style, no background, vibrant colors","A beautiful Cobblestone Path, isometric, pixel art, city-building game style, no background, vibrant colors"
7,"A beautiful Fountain, isometric, pixel art, city-building game style, no background, vibrant colors","A beautiful Bird Bath, isometric, pixel art, city-building game style, no background, vibrant colors","A beautiful Gazebo, isometric, pixel art, city-building game style, no background, vibrant colors","A beautiful Pergola, isometric, pixel art, city-building game style, no background, vibrant colors"
8,"A beautiful Arbor, isometric, pixel art, city-building game style, no background, vibrant colors","A beautiful Trellis, isometric, pixel art, city-building game style, no background, vibrant colors","A beautiful Ivy Archway, isometric, pixel art, city-building game style, no background, vibrant colors","A beautiful Topiary, isometric, pixel art, city-building game style, no background, vibrant colors"
9,"A beautiful Small Hedge, isometric, pixel art, city-building game style, no background, vibrant colors","A beautiful Large Hedge, isometric, pixel art, city-building game style, no background, vibrant colors","A beautiful Decorative Rock, isometric, pixel art, city-building game style, no background, vibrant colors","A beautiful Boulder, isometric, pixel art, city-building game style, no background, vibrant colors"
10,"A beautiful Rock Garden, isometric, pixel art, city-building game style, no background, vibrant colors","A beautiful Water Feature, isometric, pixel art, city-building game style, no background, vibrant colors","A beautiful Koi Pond, isometric, pixel art, city-building game style, no background, vibrant colors","A beautiful Lily Pond, isometric, pixel art, city-building game style, no background, vibrant colors"
11,"A beautiful Small Bridge, isometric, pixel art, city-building game style, no background, vibrant colors","A beautiful Wooden Bridge, isometric, pixel art, city-building game style, no background, vibrant colors","A beautiful Stone Bridge, isometric, pixel art, city-building game style, no background, vibrant colors","A beautiful Lamp Post, isometric, pixel art, city-building game style, no background, vibrant colors"
12,"A beautiful Lantern Post, isometric, pixel art, city-building game style, no background, vibrant colors","A beautiful Fairy Lights, isometric, pixel art, city-building game style, no background, vibrant colors","A beautiful String Lights, isometric, pixel art, city-building game style, no background, vibrant colors","A beautiful Hanging Lanterns, isometric, pixel art, city-building game style, no background, vibrant colors"
13,"A beautiful Street Clock, isometric, pixel art, city-building game style, no background, vibrant colors","A beautiful Bicycle Rack, isometric, pixel art, city-building game style, no background, vibrant colors","A beautiful Trash Can, isometric, pixel art, city-building game style, no background, vibrant colors","A beautiful Mailbox, isometric, pixel art, city-building game style, no background, vibrant colors"
14,"A beautiful Fire Hydrant, isometric, pixel art, city-building game style, no background, vibrant colors","A beautiful Community Bulletin Board, isometric, pixel art, city-building game style, no background, vibrant colors","A beautiful Welcome Sign, isometric, pixel art, city-building game style, no background, vibrant colors","A beautiful City Banner, isometric, pixel art, city-building game style, no background, vibrant colors"
15,"A beautiful Community Mural, isometric, pixel art, city-building game style, no background, vibrant colors","A beautiful Butterfly Sculpture, isometric, pixel art, city-building game style, no background, vibrant colors","A beautiful Birdhouse, isometric, pixel art, city-building game style, no background, vibrant colors","A beautiful Squirrel Feeder, isometric, pixel art, city-building game style, no background, vibrant colors"
16,"A beautiful Log Bench, isometric, pixel art, city-building game style, no background, vibrant colors","A beautiful Tree Stump, isometric, pixel art, city-building game style, no background, vibrant colors","A beautiful Mushroom Ring, isometric, pixel art, city-building game style, no background, vibrant colors","A beautiful Flower Pot, isometric, pixel art, city-building game style, no background, vibrant colors"
17,"A beautiful Hanging Basket, isometric, pixel art, city-building game style, no background, vibrant colors","A beautiful Ivy Trellis, isometric, pixel art, city-building game style, no background, vibrant colors","A beautiful Arbor Gate, isometric, pixel art, city-building game style, no background, vibrant colors","A beautiful Stone Lantern, isometric, pixel art, city-building game style, no background, vibrant colors"
18,"A beautiful Waterfall, isometric, pixel art, city-building game style, no background, vibrant colors","A beautiful Rain Barrel, isometric, pixel art, city-building game style, no background, vibrant colors","A beautiful Compost Bin, isometric, pixel art, city-building game style, no background, vibrant colors","A beautiful Vegetable Patch, isometric, pixel art, city-building game style, no background, vibrant colors"
19,"A beautiful Herb Spiral, isometric, pixel art, city-building game style, no background, vibrant colors","A beautiful Raised Planter, isometric, pixel art, city-building game style, no background, vibrant colors","A beautiful Cactus Garden, isometric, pixel art, city-building game style, no background, vibrant colors","A beautiful Succulent Planter, isometric, pixel art, city-building game style, no background, vibrant colors"
20,"A beautiful Bamboo Grove, isometric, pixel art, city-building game style, no background, vibrant colors","A beautiful Bonsai Tree, isometric, pixel art, city-building game style, no background, vibrant colors","A beautiful Zen Garden, isometric, pixel art, city-building game style, no background, vibrant colors","A beautiful Sand Garden, isometric, pixel art, city-building game style, no background, vibrant colors"
21,"A beautiful Meditation Stone, isometric, pixel art, city-building game style, no background, vibrant colors","A beautiful Wind Chime, isometric, pixel art, city-building game style, no background, vibrant colors","A beautiful Weather Vane, isometric, pixel art, city-building game style, no background, vibrant colors","A beautiful Sundial, isometric, pixel art, city-building game style, no background, vibrant colors"
22,"A beautiful Bird Feeder, isometric, pixel art, city-building game style, no background, vibrant colors","A beautiful Rabbit Statue, isometric, pixel art, city-building game style, no background, vibrant colors","A beautiful Fox Statue, isometric, pixel art, city-building game style, no background, vibrant colors","A beautiful Turtle Statue, isometric, pixel art, city-building game style, no background, vibrant colors"
23,"A beautiful Frog Statue, isometric, pixel art, city-building game style, no background, vibrant colors","A beautiful Squirrel Statue, isometric, pixel art, city-building game style, no background, vibrant colors","A beautiful Deer Statue, isometric, pixel art, city-building game style, no background, vibrant colors","A beautiful Lion Statue, isometric, pixel art, city-building game style, no background, vibrant colors"
24,"A beautiful Eagle Statue, isometric, pixel art, city-building game style, no background, vibrant colors","A beautiful Owl Statue, isometric, pixel art, city-building game style, no background, vibrant colors","A beautiful Dog Statue, isometric, pixel art, city-building game style, no background, vibrant colors","A beautiful Cat Statue, isometric, pixel art, city-building game style, no background, vibrant colors"
25,"A beautiful Dolphin Statue, isometric, pixel art, city-building game style, no background, vibrant colors","A beautiful Whale Sculpture, isometric, pixel art, city-building game style, no background, vibrant colors","A beautiful Fish Pond, isometric, pixel art, city-building game style, no background, vibrant colors","A beautiful Water Lily, isometric, pixel art, city-building game style, no background, vibrant colors"
26,"A beautiful Reed Cluster, isometric, pixel art, city-building game style, no background, vibrant colors","A beautiful Marsh Grass, isometric, pixel art, city-building game style, no background, vibrant colors","A beautiful Wildflower Patch, isometric, pixel art, city-building game style, no background, vibrant colors","A beautiful Fern Cluster, isometric, pixel art, city-building game style, no background, vibrant colors"
27,"A beautiful Mossy Rock, isometric, pixel art, city-building game style, no background, vibrant colors","A beautiful Pebble Border, isometric, pixel art, city-building game style, no background, vibrant colors","A beautiful Log Pile, isometric, pixel art, city-building game style, no background, vibrant colors","A beautiful Fire Pit, isometric, pixel art, city-building game style, no background, vibrant colors"
28,"A beautiful BBQ Grill, isometric, pixel art, city-building game style, no background, vibrant colors","A beautiful Picnic Blanket, isometric, pixel art, city-building game style, no background, vibrant colors","A beautiful Hammock, isometric, pixel art, city-building game style, no background, vibrant colors","A beautiful Swing Set, isometric, pixel art, city-building game style, no background, vibrant colors"
29,"A beautiful Slide, isometric, pixel art, city-building game style, no background, vibrant colors","A beautiful Seesaw, isometric, pixel art, city-building game style, no background, vibrant colors","A beautiful Jungle Gym, isometric, pixel art, city-building game style, no background, vibrant colors","A beautiful Climbing Wall, isometric, pixel art, city-building game style, no background, vibrant colors"
30,"A beautiful Sandbox, isometric, pixel art, city-building game style, no background, vibrant colors","A beautiful Sandbox Toys, isometric, pixel art, city-building game style, no background, vibrant colors","A beautiful Sandbox Umbrella, isometric, pixel art, city-building game style, no background, vibrant colors","A beautiful Sandbox Fence, isometric, pixel art, city-building game style, no background, vibrant colors"
31,"A beautiful Sandbox Castle, isometric, pixel art, city-building game style, no background, vibrant colors","A beautiful Playground Tunnel, isometric, pixel art, city-building game style, no background, vibrant colors","A beautiful Playground Bridge, isometric, pixel art, city-building game style, no background, vibrant colors","A beautiful Playground Ladder, isometric, pixel art, city-building game style, no background, vibrant colors"
32,"A beautiful Playground Rope Net, isometric, pixel art, city-building game style, no background, vibrant colors","A beautiful Playground Spinner, isometric, pixel art, city-building game style, no background, vibrant colors","A beautiful Playground Merry-Go-Round, isometric, pixel art, city-building game style, no background, vibrant colors","A beautiful Playground Spring Rider, isometric, pixel art, city-building game style, no background, vibrant colors"
33,"A beautiful Playground Balance Beam, isometric, pixel art, city-building game style, no background, vibrant colors","A beautiful Playground Monkey Bars, isometric, pixel art, city-building game style, no background, vibrant colors","A beautiful Playground Fireman Pole, isometric, pixel art, city-building game style, no background, vibrant colors","A beautiful Playground Stepping Stones, isometric, pixel art, city-building game style, no background, vibrant colors"
34,"A beautiful Playground Hopscotch, isometric, pixel art, city-building game style, no background, vibrant colors","A beautiful Playground Chalk Art, isometric, pixel art, city-building game style, no background, vibrant colors","A beautiful Playground Basketball Hoop, isometric, pixel art, city-building game style, no background, vibrant colors","A beautiful Playground Soccer Goal, isometric, pixel art, city-building game style, no background, vibrant colors"
35,"A beautiful Playground Tetherball, isometric, pixel art, city-building game style, no background, vibrant colors","A beautiful Playground Kickball Base, isometric, pixel art, city-building game style, no background, vibrant colors","A beautiful Playground Baseball Diamond, isometric, pixel art, city-building game style, no background, vibrant colors","A beautiful Playground Batting Cage, isometric, pixel art, city-building game style, no background, vibrant colors"
36,"A beautiful Playground Scoreboard, isometric, pixel art, city-building game style, no background, vibrant colors","A beautiful Playground Bleachers, isometric, pixel art, city-building game style, no background, vibrant colors","A beautiful Playground Dugout, isometric, pixel art, city-building game style, no background, vibrant colors","A beautiful Playground Water Fountain, isometric, pixel art, city-building game style, no background, vibrant colors"
37,"A beautiful Playground Shade Sail, isometric, pixel art, city-building game style, no background, vibrant colors","A beautiful Playground Picnic Shelter, isometric, pixel art, city-building game style, no background, vibrant colors","A beautiful Playground Snack Stand, isometric, pixel art, city-building game style, no background, vibrant colors","A beautiful Playground Restroom, isometric, pixel art, city-building game style, no background, vibrant colors"
38,"A beautiful Playground Bike Rack, isometric, pixel art, city-building game style, no background, vibrant colors","A beautiful Playground Scooter Rack, isometric, pixel art, city-building game style, no background, vibrant colors","A beautiful Playground Skateboard Rack, isometric, pixel art, city-building game style, no background, vibrant colors","A beautiful Playground Rollerblade Rack, isometric, pixel art, city-building game style, no background, vibrant colors"
39,"A beautiful Playground Helmet Locker, isometric, pixel art, city-building game style, no background, vibrant colors","A beautiful Playground Lost & Found, isometric, pixel art, city-building game style, no background, vibrant colors","A beautiful Playground First Aid Station, isometric, pixel art, city-building game style, no background, vibrant colors","A beautiful Playground Information Board, isometric, pixel art, city-building game style, no background, vibrant colors"
40,"A beautiful Playground Map, isometric, pixel art, city-building game style, no background, vibrant colors","A beautiful Playground Rules Sign, isometric, pixel art, city-building game style, no background, vibrant colors","A beautiful Playground Welcome Sign, isometric, pixel art, city-building game style, no background, vibrant colors","A beautiful Playground Exit Sign, isometric, pixel art, city-building game style, no background, vibrant colors"
41,"A beautiful Playground Direction Sign, isometric, pixel art, city-building game style, no background, vibrant colors","A beautiful Playground Distance Marker, isometric, pixel art, city-building game style, no background, vibrant colors","A beautiful Playground Height Chart, isometric, pixel art, city-building game style, no background, vibrant colors","A beautiful Playground Growth Chart, isometric, pixel art, city-building game style, no background, vibrant colors"
42,"A beautiful Playground Birthday Board, isometric, pixel art, city-building game style, no background, vibrant colors","A beautiful Playground Achievement Board, isometric, pixel art, city-building game style, no background, vibrant colors","A beautiful Playground Star Chart, isometric, pixel art, city-building game style, no background, vibrant colors","A beautiful Playground Weather Station, isometric, pixel art, city-building game style, no background, vibrant colors"
43,"A beautiful Playground Rain Gauge, isometric, pixel art, city-building game style, no background, vibrant colors","A beautiful Playground Thermometer, isometric, pixel art, city-building game style, no background, vibrant colors","A beautiful Playground Wind Sock, isometric, pixel art, city-building game style, no background, vibrant colors","A beautiful Playground Barometer, isometric, pixel art, city-building game style, no background, vibrant colors"
44,"A beautiful Playground Anemometer, isometric, pixel art, city-building game style, no background, vibrant colors","A beautiful Playground Compass, isometric, pixel art, city-building game style, no background, vibrant colors","A beautiful Playground Globe, isometric, pixel art, city-building game style, no background, vibrant colors","A beautiful Playground Solar System Model, isometric, pixel art, city-building game style, no background, vibrant colors"
45,"A beautiful Playground Rocket Sculpture, isometric, pixel art, city-building game style, no background, vibrant colors","A beautiful Playground Spaceship Model, isometric, pixel art, city-building game style, no background, vibrant colors","A beautiful Playground Alien Statue, isometric, pixel art, city-building game style, no background, vibrant colors","A beautiful Playground Astronaut Statue, isometric, pixel art, city-building game style, no background, vibrant colors"
46,"A beautiful Playground Moon Rock, isometric, pixel art, city-building game style, no background, vibrant colors","A beautiful Playground Meteorite, isometric, pixel art, city-building game style, no background, vibrant colors","A beautiful Playground Satellite Dish, isometric, pixel art, city-building game style, no background, vibrant colors","A beautiful Playground Observatory Dome, isometric, pixel art, city-building game style, no background, vibrant colors"
47,"A beautiful Playground Planetarium, isometric, pixel art, city-building game style, no background, vibrant colors","A beautiful Playground Star Projector, isometric, pixel art, city-building game style, no background, vibrant colors","A beautiful Playground Telescope, isometric, pixel art, city-building game style, no background, vibrant colors","A beautiful Playground Binoculars, isometric, pixel art, city-building game style, no background, vibrant colors"
48,"A beautiful Playground Periscope, isometric, pixel art, city-building game style, no background, vibrant colors","A beautiful Playground Kaleidoscope, isometric, pixel art, city-building game style, no background, vibrant colors","A beautiful Playground Prism, isometric, pixel art, city-building game style, no background, vibrant colors","A beautiful Playground Rainbow Arch, isometric, pixel art, city-building game style, no background, vibrant colors"
49,"A beautiful Playground Cloud Bench, isometric, pixel art, city-building game style, no background, vibrant colors","A beautiful Playground Sun Dial, isometric, pixel art, city-building game style, no background, vibrant colors","A beautiful Playground Moon Bench, isometric, pixel art, city-building game style, no background, vibrant colors","A beautiful Playground Star Bench, isometric, pixel art, city-building game style, no background, vibrant colors"
50,"A beautiful Playground Galaxy Mural, isometric, pixel art, city-building game style, no background, vibrant colors","A beautiful Playground Nebula Sculpture, isometric, pixel art, city-building game style, no background, vibrant colors","A beautiful Playground Comet Sculpture, isometric, pixel art, city-building game style, no background, vibrant colors","A beautiful Playground Shooting Star, isometric, pixel art, city-building game style, no background, vibrant colors"
51,"A beautiful Playground Meteor Shower, isometric, pixel art, city-building game style, no background, vibrant colors","A beautiful Playground Aurora Lights, isometric, pixel art, city-building game style, no background, vibrant colors","A beautiful Playground Northern Lights, isometric, pixel art, city-building game style, no background, vibrant colors","A beautiful Playground Solar Flare, isometric, pixel art, city-building game style, no background, vibrant colors"
52,"A beautiful Playground Eclipse Model, isometric, pixel art, city-building game style, no background, vibrant colors","A beautiful Playground Sunflower Maze, isometric, pixel art, city-building game style, no background, vibrant colors","A beautiful Playground Corn Maze, isometric, pixel art, city-building game style, no background, vibrant colors","A beautiful Playground Hay Bale, isometric, pixel art, city-building game style, no background, vibrant colors"
53,"A beautiful Playground Scarecrow, isometric, pixel art, city-building game style, no background, vibrant colors","A beautiful Playground Pumpkin Patch, isometric, pixel art, city-building game style, no background, vibrant colors","A beautiful Playground Apple Tree, isometric, pixel art, city-building game style, no background, vibrant colors","A beautiful Playground Orchard Basket, isometric, pixel art, city-building game style, no background, vibrant colors"
54,"A beautiful Playground Fruit Stand, isometric, pixel art, city-building game style, no background, vibrant colors","A beautiful Playground Veggie Stand, isometric, pixel art, city-building game style, no background, vibrant colors","A beautiful Playground Flower Cart, isometric, pixel art, city-building game style, no background, vibrant colors","A beautiful Playground Seed Packet, isometric, pixel art, city-building game style, no background, vibrant colors"
55,"A beautiful Playground Watering Can, isometric, pixel art, city-building game style, no background, vibrant colors","A beautiful Playground Garden Tools, isometric, pixel art, city-building game style, no background, vibrant colors","A beautiful Playground Potting Bench, isometric, pixel art, city-building game style, no background, vibrant colors","A beautiful Playground Greenhouse, isometric, pixel art, city-building game style, no background, vibrant colors"
56,"A beautiful Playground Potting Shed, isometric, pixel art, city-building game style, no background, vibrant colors","A beautiful Playground Tool Shed, isometric, pixel art, city-building game style, no background, vibrant colors","A beautiful Playground Wheelbarrow, isometric, pixel art, city-building game style, no background, vibrant colors","A beautiful Playground Garden Hose, isometric, pixel art, city-building game style, no background, vibrant colors"
57,"A beautiful Playground Sprinkler, isometric, pixel art, city-building game style, no background, vibrant colors","A beautiful Playground Rain Chain, isometric, pixel art, city-building game style, no background, vibrant colors","A beautiful Playground Rain Garden, isometric, pixel art, city-building game style, no background, vibrant colors","A beautiful Playground Butterfly Garden, isometric, pixel art, city-building game style, no background, vibrant colors"
58,"A beautiful Playground Pollinator Garden, isometric, pixel art, city-building game style, no background, vibrant colors","A beautiful Playground Bird Garden, isometric, pixel art, city-building game style, no background, vibrant colors","A beautiful Playground Squirrel Garden, isometric, pixel art, city-building game style, no background, vibrant colors","A beautiful Playground Rabbit Garden, isometric, pixel art, city-building game style, no background, vibrant colors"
59,"A beautiful Playground Fairy Garden, isometric, pixel art, city-building game style, no background, vibrant colors","A beautiful Playground Gnome Garden, isometric, pixel art, city-building game style, no background, vibrant colors","A beautiful Playground Dragon Garden, isometric, pixel art, city-building game style, no background, vibrant colors","A beautiful Playground Unicorn Garden, isometric, pixel art, city-building game style, no background, vibrant colors"
60,"A beautiful Playground Mermaid Garden, isometric, pixel art, city-building game style, no background, vibrant colors","A beautiful Playground Pirate Garden, isometric, pixel art, city-building game style, no background, vibrant colors","A beautiful Playground Treasure Chest, isometric, pixel art, city-building game style, no background, vibrant colors","A beautiful Playground Pirate Ship, isometric, pixel art, city-building game style, no background, vibrant colors"
61,"A beautiful Playground Anchor, isometric, pixel art, city-building game style, no background, vibrant colors","A beautiful Playground Ship Wheel, isometric, pixel art, city-building game style, no background, vibrant colors","A beautiful Playground Lifebuoy, isometric, pixel art, city-building game style, no background, vibrant colors","A beautiful Playground Lighthouse, isometric, pixel art, city-building game style, no background, vibrant colors"
62,"A beautiful Playground Beach Umbrella, isometric, pixel art, city-building game style, no background, vibrant colors","A beautiful Playground Beach Chair, isometric, pixel art, city-building game style, no background, vibrant colors","A beautiful Playground Beach Towel, isometric, pixel art, city-building game style, no background, vibrant colors","A beautiful Playground Sandcastle, isometric, pixel art, city-building game style, no background, vibrant colors"
63,"A beautiful Playground Seashell, isometric, pixel art, city-building game style, no background, vibrant colors","A beautiful Playground Starfish, isometric, pixel art, city-building game style, no background, vibrant colors","A beautiful Playground Crab, isometric, pixel art, city-building game style, no background, vibrant colors","A beautiful Playground Dolphin, isometric, pixel art, city-building game style, no background, vibrant colors"
64,"A beautiful Playground Whale, isometric, pixel art, city-building game style, no background, vibrant colors","A beautiful Playground Shark, isometric, pixel art, city-building game style, no background, vibrant colors","A beautiful Playground Octopus, isometric, pixel art, city-building game style, no background, vibrant colors","A beautiful Playground Jellyfish, isometric, pixel art, city-building game style, no background, vibrant colors"
65,"A beautiful Playground Coral, isometric, pixel art, city-building game style, no background, vibrant colors","A beautiful Playground Seaweed, isometric, pixel art, city-building game style, no background, vibrant colors","A beautiful Playground Message Bottle, isometric, pixel art, city-building game style, no background, vibrant colors","A beautiful Playground Driftwood, isometric, pixel art, city-building game style, no background, vibrant colors"
66,"A beautiful Playground Surfboard, isometric, pixel art, city-building game style, no background, vibrant colors","A beautiful Playground Boogie Board, isometric, pixel art, city-building game style, no background, vibrant colors","A beautiful Playground Paddleboard, isometric, pixel art, city-building game style, no background, vibrant colors","A beautiful Playground Kayak, isometric, pixel art, city-building game style, no background, vibrant colors"
67,"A beautiful Playground Canoe, isometric, pixel art, city-building game style, no background, vibrant colors","A beautiful Playground Rowboat, isometric, pixel art, city-building game style, no background, vibrant colors","A beautiful Playground Sailboat, isometric, pixel art, city-building game style, no background, vibrant colors","A beautiful Playground Fishing Rod, isometric, pixel art, city-building game style, no background, vibrant colors"
68,"A beautiful Playground Fishing Net, isometric, pixel art, city-building game style, no background, vibrant colors","A beautiful Playground Fish Basket, isometric, pixel art, city-building game style, no background, vibrant colors","A beautiful Playground Fish Crate, isometric, pixel art, city-building game style, no background, vibrant colors","A beautiful Playground Fish Barrel, isometric, pixel art, city-building game style, no background, vibrant colors"
69,"A beautiful Playground Fish Market, isometric, pixel art, city-building game style, no background, vibrant colors","A beautiful Playground Lobster Trap, isometric, pixel art, city-building game style, no background, vibrant colors","A beautiful Playground Crab Pot, isometric, pixel art, city-building game style, no background, vibrant colors","A beautiful Playground Oyster Basket, isometric, pixel art, city-building game style, no background, vibrant colors"
70,"A beautiful Playground Pearl, isometric, pixel art, city-building game style, no background, vibrant colors","A beautiful Playground Clam Shell, isometric, pixel art, city-building game style, no background, vibrant colors","A beautiful Playground Sand Dollar, isometric, pixel art, city-building game style, no background, vibrant colors","A beautiful Playground Sea Glass, isometric, pixel art, city-building game style, no background, vibrant colors"
71,"A beautiful Playground Beach Ball, isometric, pixel art, city-building game style, no background, vibrant colors","A beautiful Playground Volleyball Net, isometric, pixel art, city-building game style, no background, vibrant colors","A beautiful Playground Frisbee, isometric, pixel art, city-building game style, no background, vibrant colors","A beautiful Playground Kite, isometric, pixel art, city-building game style, no background, vibrant colors"
72,"A beautiful Playground Pinwheel, isometric, pixel art, city-building game style, no background, vibrant colors","A beautiful Playground Bubble Wand, isometric, pixel art, city-building game style, no background, vibrant colors","A beautiful Playground Hula Hoop, isometric, pixel art, city-building game style, no background, vibrant colors","A beautiful Playground Jump Rope, isometric, pixel art, city-building game style, no background, vibrant colors"
73,"A beautiful Playground Bean Bag Toss, isometric, pixel art, city-building game style, no background, vibrant colors","A beautiful Playground Horseshoe Pit, isometric, pixel art, city-building game style, no background, vibrant colors","A beautiful Playground Cornhole Board, isometric, pixel art, city-building game style, no background, vibrant colors","A beautiful Playground Ladder Toss, isometric, pixel art, city-building game style, no background, vibrant colors"
74,"A beautiful Playground Bocce Court, isometric, pixel art, city-building game style, no background, vibrant colors","A beautiful Playground Croquet Set, isometric, pixel art, city-building game style, no background, vibrant colors","A beautiful Playground Mini Golf Hole, isometric, pixel art, city-building game style, no background, vibrant colors","A beautiful Playground Golf Flag, isometric, pixel art, city-building game style, no background, vibrant colors"
75,"A beautiful Playground Golf Ball, isometric, pixel art, city-building game style, no background, vibrant colors","A beautiful Playground Golf Club, isometric, pixel art, city-building game style, no background, vibrant colors","A beautiful Playground Golf Cart, isometric, pixel art, city-building game style, no background, vibrant colors","A beautiful Playground Scorecard, isometric, pixel art, city-building game style, no background, vibrant colors"
76,"A beautiful Playground Trophy, isometric, pixel art, city-building game style, no background, vibrant colors","A beautiful Playground Medal, isometric, pixel art, city-building game style, no background, vibrant colors","A beautiful Playground Ribbon, isometric, pixel art, city-building game style, no background, vibrant colors","A beautiful Playground Certificate, isometric, pixel art, city-building game style, no background, vibrant colors"
77,"A beautiful Playground Plaque, isometric, pixel art, city-building game style, no background, vibrant colors","A beautiful Playground Banner, isometric, pixel art, city-building game style, no background, vibrant colors","A beautiful Playground Streamers, isometric, pixel art, city-building game style, no background, vibrant colors","A beautiful Golden Fountain, isometric, pixel art, city-building game style, no background, vibrant colors"
78,"A beautiful Crystal Statue, isometric, pixel art, city-building game style, no background, vibrant colors","A beautiful Neon Sign, isometric, pixel art, city-building game style, no background, vibrant colors","A beautiful Rainbow Arch, isometric, pixel art, city-building game style, no background, vibrant colors","A beautiful Diamond Bench, isometric, pixel art, city-building game style, no background, vibrant colors"
79,"A beautiful Luxury Lamp Post, isometric, pixel art, city-building game style, no background, vibrant colors","A beautiful Animated Billboard, isometric, pixel art, city-building game style, no background, vibrant colors","A beautiful Hologram Tree, isometric, pixel art, city-building game style, no background, vibrant colors","A beautiful Platinum Mailbox, isometric, pixel art, city-building game style, no background, vibrant colors"
80,"A beautiful Designer Flower Bed, isometric, pixel art, city-building game style, no background, vibrant colors","A beautiful Marble Path, isometric, pixel art, city-building game style, no background, vibrant colors","A beautiful Ornate Gazebo, isometric, pixel art, city-building game style, no background, vibrant colors","A beautiful Animated Water Feature, isometric, pixel art, city-building game style, no background, vibrant colors"
81,"A beautiful Enchanted Lantern, isometric, pixel art, city-building game style, no background, vibrant colors","A beautiful Royal Banner, isometric, pixel art, city-building game style, no background, vibrant colors","A beautiful Animated Waterfall, isometric, pixel art, city-building game style, no background, vibrant colors","A beautiful Floating Lantern, isometric, pixel art, city-building game style, no background, vibrant colors"
82,"A beautiful Enchanted Tree, isometric, pixel art, city-building game style, no background, vibrant colors","A beautiful Celestial Globe, isometric, pixel art, city-building game style, no background, vibrant colors","A beautiful Starlight Archway, isometric, pixel art, city-building game style, no background, vibrant colors","A beautiful Rose Gold Planter, isometric, pixel art, city-building game style, no background, vibrant colors"
83,"A beautiful Illuminated Topiary, isometric, pixel art, city-building game style, no background, vibrant colors","A beautiful Animated Butterfly Swarm, isometric, pixel art, city-building game style, no background, vibrant colors","A beautiful Magic Portal, isometric, pixel art, city-building game style, no background, vibrant colors","A beautiful Glowing Mushroom Circle, isometric, pixel art, city-building game style, no background, vibrant colors"
84,"A beautiful Aurora Borealis Projector, isometric, pixel art, city-building game style, no background, vibrant colors","A beautiful Animated Firefly Lamp, isometric, pixel art, city-building game style, no background, vibrant colors","A beautiful Crystal Chandelier Tree, isometric, pixel art, city-building game style, no background, vibrant colors","A beautiful Animated Rainbow Fountain, isometric, pixel art, city-building game style, no background, vibrant colors"
85,"A beautiful Golden Bird Bath, isometric, pixel art, city-building game style, no background, vibrant colors","A beautiful Silver Wind Chime, isometric, pixel art, city-building game style, no background, vibrant colors","A beautiful Animated Fairy Circle, isometric, pixel art, city-building game style, no background, vibrant colors","A beautiful Prismatic Mosaic, isometric, pixel art, city-building game style, no background, vibrant colors"
86,"A beautiful Animated Star Fountain, isometric, pixel art, city-building game style, no background, vibrant colors","A beautiful Animated Shooting Star, isometric, pixel art, city-building game style, no background, vibrant colors","A beautiful Animated Meteor Shower, isometric, pixel art, city-building game style, no background, vibrant colors","A beautiful Animated Cloud Swing, isometric, pixel art, city-building game style, no background, vibrant colors"
87,"A beautiful Animated Rainbow Slide, isometric, pixel art, city-building game style, no background, vibrant colors","A beautiful Animated Water Lily Pond, isometric, pixel art, city-building game style, no background, vibrant colors","A beautiful Animated Lotus Fountain, isometric, pixel art, city-building game style, no background, vibrant colors","A beautiful Animated Koi Pond, isometric, pixel art, city-building game style, no background, vibrant colors"
88,"A beautiful Animated Dragon Statue, isometric, pixel art, city-building game style, no background, vibrant colors","A beautiful Animated Phoenix Sculpture, isometric, pixel art, city-building game style, no background, vibrant colors","A beautiful Animated Unicorn Statue, isometric, pixel art, city-building game style, no background, vibrant colors","A beautiful Animated Pegasus Statue, isometric, pixel art, city-building game style, no background, vibrant colors"
89,"A beautiful Animated Mermaid Fountain, isometric, pixel art, city-building game style, no background, vibrant colors","A beautiful Animated Dolphin Fountain, isometric, pixel art, city-building game style, no background, vibrant colors","A beautiful Animated Whale Fountain, isometric, pixel art, city-building game style, no background, vibrant colors","A beautiful Animated Jellyfish Lamp, isometric, pixel art, city-building game style, no background, vibrant colors"
90,"A beautiful Animated Coral Garden, isometric, pixel art, city-building game style, no background, vibrant colors","A beautiful Animated Seahorse Statue, isometric, pixel art, city-building game style, no background, vibrant colors","A beautiful Animated Octopus Sculpture, isometric, pixel art, city-building game style, no background, vibrant colors","A beautiful Animated Treasure Chest, isometric, pixel art, city-building game style, no background, vibrant colors"
91,"A beautiful Animated Pirate Ship, isometric, pixel art, city-building game style, no background, vibrant colors","A beautiful Animated Lighthouse, isometric, pixel art, city-building game style, no background, vibrant colors","A beautiful Animated Ship Wheel, isometric, pixel art, city-building game style, no background, vibrant colors","A beautiful Animated Anchor, isometric, pixel art, city-building game style, no background, vibrant colors"
92,"A beautiful Animated Compass Rose, isometric, pixel art, city-building game style, no background, vibrant colors","A beautiful Animated Map Table, isometric, pixel art, city-building game style, no background, vibrant colors","A beautiful Animated Telescope, isometric, pixel art, city-building game style, no background, vibrant colors","A beautiful Animated Observatory Dome, isometric, pixel art, city-building game style, no background, vibrant colors"
93,"A beautiful Animated Planetarium, isometric, pixel art, city-building game style, no background, vibrant colors","A beautiful Animated Rocket Sculpture, isometric, pixel art, city-building game style, no background, vibrant colors","A beautiful Animated Satellite Dish, isometric, pixel art, city-building game style, no background, vibrant colors","A beautiful Animated Space Shuttle, isometric, pixel art, city-building game style, no background, vibrant colors"
94,"A beautiful Animated Moon Rock, isometric, pixel art, city-building game style, no background, vibrant colors","A beautiful Animated Meteorite, isometric, pixel art, city-building game style, no background, vibrant colors","A beautiful Animated Alien Statue, isometric, pixel art, city-building game style, no background, vibrant colors","A beautiful Animated UFO Sculpture, isometric, pixel art, city-building game style, no background, vibrant colors"
95,"A beautiful Animated Robot Statue, isometric, pixel art, city-building game style, no background, vibrant colors","A beautiful Animated Circuit Board Path, isometric, pixel art, city-building game style, no background, vibrant colors","A beautiful Animated Hologram Billboard, isometric, pixel art, city-building game style, no background, vibrant colors","A beautiful Animated Laser Fountain, isometric, pixel art, city-building game style, no background, vibrant colors"
96,"A beautiful Animated Plasma Globe, isometric, pixel art, city-building game style, no background, vibrant colors","A beautiful Animated Tesla Coil, isometric, pixel art, city-building game style, no background, vibrant colors","A beautiful Animated Electric Arc, isometric, pixel art, city-building game style, no background, vibrant colors","A beautiful Animated Lightning Rod, isometric, pixel art, city-building game style, no background, vibrant colors"
97,"A beautiful Animated Storm Cloud, isometric, pixel art, city-building game style, no background, vibrant colors","A beautiful Animated Rain Cloud, isometric, pixel art, city-building game style, no background, vibrant colors","A beautiful Animated Sun Dial, isometric, pixel art, city-building game style, no background, vibrant colors","A beautiful Animated Solar Panel, isometric, pixel art, city-building game style, no background, vibrant colors"
98,"A beautiful Animated Wind Turbine, isometric, pixel art, city-building game style, no background, vibrant colors","A beautiful Animated Water Wheel, isometric, pixel art, city-building game style, no background, vibrant colors","A beautiful Animated Geode Fountain, isometric, pixel art, city-building game style, no background, vibrant colors","A beautiful Animated Crystal Cave, isometric, pixel art, city-building game style, no background, vibrant colors"
99,"A beautiful Animated Gemstone Path, isometric, pixel art, city-building game style, no background, vibrant colors","A beautiful Animated Sapphire Bench, isometric, pixel art, city-building game style, no background, vibrant colors","A beautiful Animated Ruby Planter, isometric, pixel art, city-building game style, no background, vibrant colors","A beautiful Animated Emerald Lamp, isometric, pixel art, city-building game style, no background, vibrant colors"
100,"A beautiful Animated Amethyst Arch, isometric, pixel art, city-building game style, no background, vibrant colors","A beautiful Animated Opal Mosaic, isometric, pixel art, city-building game style, no background, vibrant colors","A beautiful Animated Pearl Fountain, isometric, pixel art, city-building game style, no background, vibrant colors","A beautiful Animated Coral Reef, isometric, pixel art, city-building game style, no background, vibrant colors"
101,"A beautiful Animated Starfish Sculpture, isometric, pixel art, city-building game style, no background, vibrant colors","A beautiful Animated Sand Dollar Path, isometric, pixel art, city-building game style, no background, vibrant colors","A beautiful Animated Seashell Bench, isometric, pixel art, city-building game style, no background, vibrant colors","A beautiful Animated Nautilus Lamp, isometric, pixel art, city-building game style, no background, vibrant colors"
102,"A beautiful Animated Mermaid Statue, isometric, pixel art, city-building game style, no background, vibrant colors","A beautiful Animated Pirate Flag, isometric, pixel art, city-building game style, no background, vibrant colors","A beautiful Animated Treasure Map, isometric, pixel art, city-building game style, no background, vibrant colors","A beautiful Animated Parrot Sculpture, isometric, pixel art, city-building game style, no background, vibrant colors"
103,"A beautiful Animated Monkey Statue, isometric, pixel art, city-building game style, no background, vibrant colors","A beautiful Animated Banana Tree, isometric, pixel art, city-building game style, no background, vibrant colors","A beautiful Animated Coconut Fountain, isometric, pixel art, city-building game style, no background, vibrant colors","A beautiful Animated Surfboard Rack, isometric, pixel art, city-building game style, no background, vibrant colors"
104,"A beautiful Animated Lifeguard Chair, isometric, pixel art, city-building game style, no background, vibrant colors","A beautiful Animated Beach Umbrella, isometric, pixel art, city-building game style, no background, vibrant colors","A beautiful Animated Beach Ball, isometric, pixel art, city-building game style, no background, vibrant colors","A beautiful Animated Sandcastle, isometric, pixel art, city-building game style, no background, vibrant colors"
105,"A beautiful Animated Tiki Torch, isometric, pixel art, city-building game style, no background, vibrant colors","A beautiful Wellness Clinic, isometric, pixel art, city-building game style, no background, vibrant colors","A beautiful Yoga Studio, isometric, pixel art, city-building game style, no background, vibrant colors","A beautiful Juice Bar, isometric, pixel art, city-building game style, no background, vibrant colors"
106,"A beautiful Sleep Sanctuary, isometric, pixel art, city-building game style, no background, vibrant colors","A beautiful Nutrition Lab, isometric, pixel art, city-building game style, no background, vibrant colors","A beautiful Spa Retreat, isometric, pixel art, city-building game style, no background, vibrant colors","A beautiful Running Track, isometric, pixel art, city-building game style, no background, vibrant colors"
107,"A beautiful Physical Therapy Center, isometric, pixel art, city-building game style, no background, vibrant colors","A beautiful Biohacking Hub, isometric, pixel art, city-building game style, no background, vibrant colors","A beautiful Aquatic Center, isometric, pixel art, city-building game style, no background, vibrant colors","A beautiful Hydration Station, isometric, pixel art, city-building game style, no background, vibrant colors"
108,"A beautiful Fresh Air Foundry, isometric, pixel art, city-building game style, no background, vibrant colors","A beautiful Fitness Fortress, isometric, pixel art, city-building game style, no background, vibrant colors","A beautiful Zen Cycle Studio, isometric, pixel art, city-building game style, no background, vibrant colors","A beautiful Climbing Wall Plaza, isometric, pixel art, city-building game style, no background, vibrant colors"
109,"A beautiful Mindful Mile Path, isometric, pixel art, city-building game style, no background, vibrant colors","A beautiful Sunlight Solarium, isometric, pixel art, city-building game style, no background, vibrant colors","A beautiful Adventure Obstacle Park, isometric, pixel art, city-building game style, no background, vibrant colors","A beautiful Wellness Workshop, isometric, pixel art, city-building game style, no background, vibrant colors"
110,"A beautiful Movement Metro, isometric, pixel art, city-building game style, no background, vibrant colors","A beautiful Meditation Garden, isometric, pixel art, city-building game style, no background, vibrant colors","A beautiful Therapy Center, isometric, pixel art, city-building game style, no background, vibrant colors","A beautiful Gratitude Gardens, isometric, pixel art, city-building game style, no background, vibrant colors"
111,"A beautiful Boundary Bridge, isometric, pixel art, city-building game style, no background, vibrant colors","A beautiful Calm Cascade, isometric, pixel art, city-building game style, no background, vibrant colors","A beautiful Reflection Pavilion, isometric, pixel art, city-building game style, no background, vibrant colors","A beautiful Meditation Monument, isometric, pixel art, city-building game style, no background, vibrant colors"
112,"A beautiful Therapy Tower, isometric, pixel art, city-building game style, no background, vibrant colors","A beautiful Mindful Maze, isometric, pixel art, city-building game style, no background, vibrant colors","A beautiful Insight Library, isometric, pixel art, city-building game style, no background, vibrant colors","A beautiful Dream Dome, isometric, pixel art, city-building game style, no background, vibrant colors"
113,"A beautiful Focus Fountain, isometric, pixel art, city-building game style, no background, vibrant colors","A beautiful Resilience Retreat, isometric, pixel art, city-building game style, no background, vibrant colors","A beautiful Memory Museum, isometric, pixel art, city-building game style, no background, vibrant colors","A beautiful Empathy Emporium, isometric, pixel art, city-building game style, no background, vibrant colors"
114,"A beautiful Puzzle Plaza, isometric, pixel art, city-building game style, no background, vibrant colors","A beautiful Inspiration Observatory, isometric, pixel art, city-building game style, no background, vibrant colors","A beautiful Mindfulness Monorail, isometric, pixel art, city-building game style, no background, vibrant colors","A beautiful Wisdom Workshop, isometric, pixel art, city-building game style, no background, vibrant colors"
115,"A beautiful Serotonin Springs, isometric, pixel art, city-building game style, no background, vibrant colors","A beautiful Writers' Loft, isometric, pixel art, city-building game style, no background, vibrant colors","A beautiful Street Art Alley, isometric, pixel art, city-building game style, no background, vibrant colors","A beautiful Expression Exhibit, isometric, pixel art, city-building game style, no background, vibrant colors"
116,"A beautiful Art Amphitheater, isometric, pixel art, city-building game style, no background, vibrant colors","A beautiful Innovation Incubator, isometric, pixel art, city-building game style, no background, vibrant colors","A beautiful Style Studio, isometric, pixel art, city-building game style, no background, vibrant colors","A beautiful Music Monument, isometric, pixel art, city-building game style, no background, vibrant colors"
117,"A beautiful Makerspace Market, isometric, pixel art, city-building game style, no background, vibrant colors","A beautiful Inspiration Tower, isometric, pixel art, city-building game style, no background, vibrant colors","A beautiful Animation Arcade, isometric, pixel art, city-building game style, no background, vibrant colors","A beautiful Design Den, isometric, pixel art, city-building game style, no background, vibrant colors"
118,"A beautiful Sculpture Studio, isometric, pixel art, city-building game style, no background, vibrant colors","A beautiful Film Festival Plaza, isometric, pixel art, city-building game style, no background, vibrant colors","A beautiful Improv Island, isometric, pixel art, city-building game style, no background, vibrant colors","A beautiful Fashion Runway, isometric, pixel art, city-building game style, no background, vibrant colors"
119,"A beautiful Game Dev Garage, isometric, pixel art, city-building game style, no background, vibrant colors","A beautiful Poetry Pavilion, isometric, pixel art, city-building game style, no background, vibrant colors","A beautiful Creative Caf, isometric, pixel art, city-building game style, no background, vibrant colors","A beautiful Color Splash Park, isometric, pixel art, city-building game style, no background, vibrant colors"
120,"A beautiful Dream Lab, isometric, pixel art, city-building game style, no background, vibrant colors","A beautiful Friendship Fountain, isometric, pixel art, city-building game style, no background, vibrant colors","A beautiful Kindness Kiosk, isometric, pixel art, city-building game style, no background, vibrant colors","A beautiful Community Center, isometric, pixel art, city-building game style, no background, vibrant colors"
121,"A beautiful Cultural Pavilion, isometric, pixel art, city-building game style, no background, vibrant colors","A beautiful Game Arcade, isometric, pixel art, city-building game style, no background, vibrant colors","A beautiful Coffee Corner, isometric, pixel art, city-building game style, no background, vibrant colors","A beautiful Family Fortress, isometric, pixel art, city-building game style, no background, vibrant colors"
122,"A beautiful Support Network Hub, isometric, pixel art, city-building game style, no background, vibrant colors","A beautiful Social Stage, isometric, pixel art, city-building game style, no background, vibrant colors","A beautiful Volunteer Village, isometric, pixel art, city-building game style, no background, vibrant colors","A beautiful Celebration Square, isometric, pixel art, city-building game style, no background, vibrant colors"
123,"A beautiful Pet Park, isometric, pixel art, city-building game style, no background, vibrant colors","A beautiful Teamwork Tower, isometric, pixel art, city-building game style, no background, vibrant colors","A beautiful Compliment Carousel, isometric, pixel art, city-building game style, no background, vibrant colors","A beautiful Empathy Exchange, isometric, pixel art, city-building game style, no background, vibrant colors"
124,"A beautiful Social Skate Rink, isometric, pixel art, city-building game style, no background, vibrant colors","A beautiful Kindness Garden, isometric, pixel art, city-building game style, no background, vibrant colors","A beautiful Festival Field, isometric, pixel art, city-building game style, no background, vibrant colors","A beautiful Connection Caf, isometric, pixel art, city-building game style, no background, vibrant colors"
125,"A beautiful Positivity Plaza, isometric, pixel art, city-building game style, no background, vibrant colors",,,
